teacher_attendance,students,schid,day,month,year,time,treat
1,0,1112,11,8,2003,1,0
1,13,1121,23,8,2003,1,0
1,8,1131,11,8,2003,1,0
1,23,1132,23,8,2003,1,0
1,34,1231,18,8,2003,1,0
1,24,1311,23,8,2003,1,0
1,18,1312,23,8,2003,1,0
1,10,1411,11,8,2003,1,0
0,0,1521,4,8,2003,1,0
1,12,3111,5,8,2003,1,0
1,19,3112,5,8,2003,1,0
1,13,3121,5,8,2003,1,0
0,0,3141,5,8,2003,1,0
1,15,3211,18,8,2003,1,0
0,0,3221,18,8,2003,1,0
0,0,3251,6,8,2003,1,0
0,0,3252,6,8,2003,1,0
1,8,4121,2,8,2003,1,0
0,0,4131,20,8,2003,1,0
0,0,4132,21,8,2003,1,0
1,30,4211,4,8,2003,1,0
1,17,4221,5,8,2003,1,0
1,20,4411,4,8,2003,1,0
1,27,4412,4,8,2003,1,0
0,0,4521,2,8,2003,1,0
1,15,4522,22,8,2003,1,0
0,0,4523,2,8,2003,1,0
1,12,4531,9,8,2003,1,0
1,24,5111,16,8,2003,1,0
0,0,5211,14,8,2003,1,0
0,0,5321,8,8,2003,1,0
0,0,5351,8,8,2003,1,0
1,7,5371,9,8,2003,1,0
1,15,5421,9,8,2003,1,0
1,10,5422,8,8,2003,1,0
1,14,5423,9,8,2003,1,0
0,0,5531,23,8,2003,1,0
1,10,5641,8,8,2003,1,0
0,0,5731,16,8,2003,1,0
1,23,1221,18,8,2003,1,1
0,0,1321,23,8,2003,1,1
1,5,1421,5,8,2003,1,1
1,21,1511,11,8,2003,1,1
0,0,1512,11,8,2003,1,1
1,17,1531,11,8,2003,1,1
1,14,1541,11,8,2003,1,1
1,6,3131,11,8,2003,1,1
0,0,3231,5,8,2003,1,1
0,0,3232,5,8,2003,1,1
1,9,3311,13,8,2003,1,1
1,20,3321,18,8,2003,1,1
1,27,3411,21,8,2003,1,1
1,0,3412,21,8,2003,1,1
0,0,3511,11,8,2003,1,1
1,24,4111,5,8,2003,1,1
0,0,4112,5,8,2003,1,1
1,27,4231,4,8,2003,1,1
1,20,4241,4,8,2003,1,1
1,22,4251,2,8,2003,1,1
1,19,4252,2,8,2003,1,1
1,16,4253,2,8,2003,1,1
1,13,4311,6,8,2003,1,1
1,13,4312,6,8,2003,1,1
0,0,4511,6,8,2003,1,1
1,33,4512,6,8,2003,1,1
1,28,4513,6,8,2003,1,1
0,0,4514,6,8,2003,1,1
1,27,4541,6,8,2003,1,1
0,0,4551,4,8,2003,1,1
0,0,5311,9,8,2003,1,1
1,11,5331,13,8,2003,1,1
1,15,5341,9,8,2003,1,1
0,0,5361,13,8,2003,1,1
0,0,5362,8,8,2003,1,1
1,0,5411,8,8,2003,1,1
1,16,5412,8,8,2003,1,1
1,22,5413,14,8,2003,1,1
1,30,5521,23,8,2003,1,1
0,0,5631,8,8,2003,1,1
0,0,5631,23,8,2003,1,1
1,10,1112,12,9,2003,2,0
1,10,1121,12,9,2003,2,0
1,14,1131,13,9,2003,2,0
1,14,1132,13,9,2003,2,0
1,39,1231,12,9,2003,2,0
0,0,1311,5,9,2003,2,0
1,23,1312,5,9,2003,2,0
0,0,1411,5,9,2003,2,0
1,13,1521,5,9,2003,2,0
1,22,2112,20,9,2003,2,0
0,0,2112,25,8,2003,2,0
1,15,2121,19,9,2003,2,0
0,0,2121,27,8,2003,2,0
0,0,2122,27,8,2003,2,0
0,0,2123,27,8,2003,2,0
0,0,2123,19,9,2003,2,0
0,0,2211,28,8,2003,2,0
1,22,2211,20,9,2003,2,0
0,0,2231,18,9,2003,2,0
1,12,2231,28,8,2003,2,0
1,17,2232,18,9,2003,2,0
1,16,2232,28,8,2003,2,0
0,0,2251,18,9,2003,2,0
1,18,2251,28,8,2003,2,0
0,0,2331,26,8,2003,2,0
1,27,2441,28,8,2003,2,0
1,26,2491,27,8,2003,2,0
0,0,2492,27,8,2003,2,0
1,14,3111,26,9,2003,2,0
1,12,3112,26,9,2003,2,0
1,7,3121,26,9,2003,2,0
1,20,3141,29,9,2003,2,0
0,0,3211,26,9,2003,2,0
1,5,3221,26,8,2003,2,0
1,10,3221,29,9,2003,2,0
1,11,3222,29,9,2003,2,0
1,10,3222,30,8,2003,2,0
0,0,3251,29,9,2003,2,0
1,10,3252,29,9,2003,2,0
1,21,4121,17,9,2003,2,0
1,17,4211,17,9,2003,2,0
0,0,4221,16,9,2003,2,0
1,14,4411,17,9,2003,2,0
0,0,4412,17,9,2003,2,0
0,0,4521,15,9,2003,2,0
0,0,4522,15,9,2003,2,0
1,12,4523,23,9,2003,2,0
1,17,5111,25,9,2003,2,0
1,31,5131,27,8,2003,2,0
1,32,5131,25,9,2003,2,0
1,12,5211,24,9,2003,2,0
0,0,5371,12,9,2003,2,0
0,0,5421,24,9,2003,2,0
1,4,5422,23,9,2003,2,0
0,0,5423,23,9,2003,2,0
1,11,5531,25,9,2003,2,0
1,22,5612,29,8,2003,2,0
1,22,5612,24,9,2003,2,0
1,16,5621,29,8,2003,2,0
1,22,5621,24,9,2003,2,0
1,12,5641,24,9,2003,2,0
0,0,5721,28,8,2003,2,0
0,0,5721,26,9,2003,2,0
0,0,5731,26,9,2003,2,0
1,25,1221,12,9,2003,2,1
0,0,1321,5,9,2003,2,1
1,7,1421,5,9,2003,2,1
1,13,1511,4,9,2003,2,1
1,19,1512,4,9,2003,2,1
1,7,1531,4,9,2003,2,1
0,0,1541,4,9,2003,2,1
1,25,2221,28,8,2003,2,1
1,29,2221,20,9,2003,2,1
1,32,2241,20,9,2003,2,1
1,32,2241,26,8,2003,2,1
1,19,2311,19,9,2003,2,1
1,8,2311,26,8,2003,2,1
1,26,2341,19,9,2003,2,1
1,24,2341,26,8,2003,2,1
1,21,2351,19,9,2003,2,1
1,22,2351,28,8,2003,2,1
1,21,2352,19,9,2003,2,1
1,25,2352,28,8,2003,2,1
1,25,2353,19,9,2003,2,1
1,24,2353,28,8,2003,2,1
0,0,2411,28,8,2003,2,1
1,16,2451,20,9,2003,2,1
1,14,2451,26,8,2003,2,1
1,24,2452,26,8,2003,2,1
1,14,2452,20,9,2003,2,1
1,13,2454,20,9,2003,2,1
1,6,2454,26,8,2003,2,1
1,12,3131,26,9,2003,2,1
0,0,3231,27,9,2003,2,1
0,0,3232,27,9,2003,2,1
1,22,3241,25,8,2003,2,1
1,14,3242,25,8,2003,2,1
0,0,3242,27,9,2003,2,1
0,0,3322,5,9,2003,2,1
1,14,3322,27,9,2003,2,1
1,19,3322,13,9,2003,2,1
1,9,3412,26,9,2003,2,1
0,0,3511,29,9,2003,2,1
1,24,4111,18,9,2003,2,1
1,24,4112,18,9,2003,2,1
1,25,4231,16,9,2003,2,1
1,11,4241,17,9,2003,2,1
1,13,4251,18,9,2003,2,1
1,16,4252,18,9,2003,2,1
1,16,4253,18,9,2003,2,1
1,2,4311,16,9,2003,2,1
1,10,4312,16,9,2003,2,1
1,15,4511,22,9,2003,2,1
1,33,4512,22,9,2003,2,1
1,14,4513,22,9,2003,2,1
1,28,4514,22,9,2003,2,1
1,10,4551,17,9,2003,2,1
0,0,5121,25,9,2003,2,1
1,11,5121,27,8,2003,2,1
1,19,5122,30,8,2003,2,1
1,8,5311,25,9,2003,2,1
1,10,5331,25,9,2003,2,1
0,0,5341,22,9,2003,2,1
1,10,5362,25,9,2003,2,1
0,0,5411,23,9,2003,2,1
0,0,5412,23,9,2003,2,1
0,0,5413,24,9,2003,2,1
0,0,5511,29,8,2003,2,1
1,10,5521,25,9,2003,2,1
1,8,5631,24,9,2003,2,1
0,0,1112,13,10,2003,3,0
1,6,1121,13,10,2003,3,0
1,9,1131,13,10,2003,3,0
0,0,1132,13,10,2003,3,0
1,22,1231,9,10,2003,3,0
1,12,1311,14,10,2003,3,0
1,9,1312,14,10,2003,3,0
1,13,1411,9,10,2003,3,0
1,0,1521,13,10,2003,3,0
1,20,2112,31,10,2003,3,0
1,13,2121,31,10,2003,3,0
1,13,2122,18,10,2003,3,0
1,11,2122,31,10,2003,3,0
0,0,2123,31,10,2003,3,0
1,14,2211,31,10,2003,3,0
0,0,2231,29,10,2003,3,0
0,0,2232,29,10,2003,3,0
1,6,2441,17,10,2003,3,0
0,0,2441,30,10,2003,3,0
0,0,2491,18,10,2003,3,0
0,0,2492,18,10,2003,3,0
1,3,3111,15,10,2003,3,0
1,4,3112,15,10,2003,3,0
1,10,3121,15,10,2003,3,0
0,0,3221,16,10,2003,3,0
1,10,3222,16,10,2003,3,0
0,0,4131,15,10,2003,3,0
0,0,4132,15,10,2003,3,0
0,0,4132,20,10,2003,3,0
0,0,4221,30,10,2003,3,0
0,0,4411,30,10,2003,3,0
0,0,4412,30,10,2003,3,0
1,12,4523,21,10,2003,3,0
1,20,4531,16,10,2003,3,0
0,0,4531,21,10,2003,3,0
0,0,5211,18,10,2003,3,0
0,0,5321,11,10,2003,3,0
0,0,5321,17,10,2003,3,0
1,3,5351,17,10,2003,3,0
1,9,5351,11,10,2003,3,0
0,0,5371,18,10,2003,3,0
0,0,5421,27,10,2003,3,0
0,0,5422,27,10,2003,3,0
0,0,5423,27,10,2003,3,0
1,5,5531,11,10,2003,3,0
0,0,5612,27,10,2003,3,0
1,20,5621,28,10,2003,3,0
0,0,5641,28,10,2003,3,0
0,0,5721,28,10,2003,3,0
0,0,5731,28,10,2003,3,0
1,18,1221,9,10,2003,3,1
1,8,1321,9,10,2003,3,1
1,8,1421,9,10,2003,3,1
0,0,1511,7,10,2003,3,1
1,0,1512,7,10,2003,3,1
0,0,1531,13,10,2003,3,1
1,12,1541,7,10,2003,3,1
0,0,2221,31,10,2003,3,1
0,0,2241,31,10,2003,3,1
1,12,2411,17,10,2003,3,1
1,11,2451,31,10,2003,3,1
1,11,2452,31,10,2003,3,1
1,7,2454,31,10,2003,3,1
1,20,3231,21,10,2003,3,1
1,22,3232,22,10,2003,3,1
1,13,3241,14,10,2003,3,1
1,17,3321,11,10,2003,3,1
0,0,3411,14,10,2003,3,1
1,20,3411,15,10,2003,3,1
1,0,3412,15,10,2003,3,1
1,9,4111,20,10,2003,3,1
0,0,4112,20,10,2003,3,1
1,10,4231,11,10,2003,3,1
1,11,4241,11,10,2003,3,1
1,10,4251,30,10,2003,3,1
1,8,4252,30,10,2003,3,1
1,12,4253,30,10,2003,3,1
1,7,4311,30,10,2003,3,1
0,0,4312,30,10,2003,3,1
1,10,4511,21,10,2003,3,1
1,15,4512,21,10,2003,3,1
1,14,4513,21,10,2003,3,1
1,20,4514,21,10,2003,3,1
1,17,4541,22,10,2003,3,1
1,12,5311,17,10,2003,3,1
1,9,5331,18,10,2003,3,1
1,11,5341,18,10,2003,3,1
0,0,5361,17,10,2003,3,1
1,11,5361,11,10,2003,3,1
0,0,5362,17,10,2003,3,1
0,0,5411,27,10,2003,3,1
0,0,5412,27,10,2003,3,1
0,0,5413,27,10,2003,3,1
0,0,5521,11,10,2003,3,1
1,5,5631,11,10,2003,3,1
1,12,1112,13,11,2003,4,0
1,9,1121,13,11,2003,4,0
0,0,1131,13,11,2003,4,0
1,0,1132,13,11,2003,4,0
1,37,1231,13,11,2003,4,0
1,5,1311,29,11,2003,4,0
1,10,1312,29,11,2003,4,0
1,2,1411,12,11,2003,4,0
1,17,1521,12,11,2003,4,0
1,18,2112,10,11,2003,4,0
1,6,2121,10,11,2003,4,0
0,0,2122,10,11,2003,4,0
0,0,2123,10,11,2003,4,0
1,20,2211,12,11,2003,4,0
1,11,2231,11,11,2003,4,0
1,8,2232,11,11,2003,4,0
1,20,2251,28,11,2003,4,0
1,22,2251,10,11,2003,4,0
1,11,2331,11,11,2003,4,0
0,0,2331,10,11,2003,4,0
1,10,2331,29,11,2003,4,0
1,8,2441,12,11,2003,4,0
1,28,2491,12,11,2003,4,0
1,26,2491,1,11,2003,4,0
1,25,2492,12,11,2003,4,0
1,22,2492,1,11,2003,4,0
1,14,3111,13,11,2003,4,0
1,8,3112,13,11,2003,4,0
1,11,3121,13,11,2003,4,0
0,0,3141,13,11,2003,4,0
1,22,3141,7,11,2003,4,0
1,20,3211,15,11,2003,4,0
1,15,3211,28,11,2003,4,0
1,14,3221,14,11,2003,4,0
1,16,3222,14,11,2003,4,0
0,0,3251,14,11,2003,4,0
0,0,3251,5,11,2003,4,0
1,13,3252,5,11,2003,4,0
1,17,3252,14,11,2003,4,0
1,19,4121,27,11,2003,4,0
1,19,4121,5,11,2003,4,0
1,11,4131,25,11,2003,4,0
0,0,4131,6,11,2003,4,0
0,0,4132,25,11,2003,4,0
1,25,4211,25,11,2003,4,0
1,13,4211,6,11,2003,4,0
1,13,4221,24,11,2003,4,0
1,4,4411,26,11,2003,4,0
1,14,4412,26,11,2003,4,0
0,0,4521,28,11,2003,4,0
1,10,4521,6,11,2003,4,0
0,0,4522,6,11,2003,4,0
1,13,4522,27,11,2003,4,0
1,12,4523,28,11,2003,4,0
0,0,4531,26,11,2003,4,0
1,20,5111,6,11,2003,4,0
1,16,5111,18,11,2003,4,0
1,23,5131,8,11,2003,4,0
1,33,5131,18,11,2003,4,0
1,15,5211,29,11,2003,4,0
0,0,5321,26,11,2003,4,0
0,0,5351,29,11,2003,4,0
1,14,5371,19,11,2003,4,0
0,0,5421,18,11,2003,4,0
1,10,5422,18,11,2003,4,0
0,0,5423,18,11,2003,4,0
1,11,5531,20,11,2003,4,0
1,20,5612,21,11,2003,4,0
1,15,5621,20,11,2003,4,0
1,9,5641,21,11,2003,4,0
1,10,5721,21,11,2003,4,0
1,10,5731,21,11,2003,4,0
1,18,1221,13,11,2003,4,1
1,5,1321,29,11,2003,4,1
1,10,1421,12,11,2003,4,1
0,0,1511,11,11,2003,4,1
0,0,1512,11,11,2003,4,1
1,9,1531,12,11,2003,4,1
1,7,1541,11,11,2003,4,1
1,27,2221,12,11,2003,4,1
0,0,2241,11,11,2003,4,1
0,0,2311,10,11,2003,4,1
1,14,2311,11,11,2003,4,1
1,20,2341,29,11,2003,4,1
1,21,2341,11,11,2003,4,1
1,19,2351,11,11,2003,4,1
1,19,2351,1,11,2003,4,1
1,21,2352,11,11,2003,4,1
1,19,2352,1,11,2003,4,1
1,26,2353,11,11,2003,4,1
1,22,2353,1,11,2003,4,1
1,24,2411,29,11,2003,4,1
1,20,2411,12,11,2003,4,1
1,14,2451,12,11,2003,4,1
1,24,2452,12,11,2003,4,1
1,10,2454,12,11,2003,4,1
1,10,3131,5,11,2003,4,1
1,9,3131,29,11,2003,4,1
1,17,3231,14,11,2003,4,1
1,29,3232,14,11,2003,4,1
1,21,3241,4,11,2003,4,1
1,21,3241,14,11,2003,4,1
1,16,3242,4,11,2003,4,1
1,12,3242,14,11,2003,4,1
1,22,3311,14,11,2003,4,1
1,18,3311,5,11,2003,4,1
1,31,3321,28,11,2003,4,1
1,0,3321,7,11,2003,4,1
1,27,3322,15,11,2003,4,1
1,22,3322,7,11,2003,4,1
1,15,3411,14,11,2003,4,1
0,0,3412,14,11,2003,4,1
1,13,3511,6,11,2003,4,1
1,12,3511,15,11,2003,4,1
1,10,4111,24,11,2003,4,1
1,10,4112,24,11,2003,4,1
0,0,4231,25,11,2003,4,1
1,14,4241,25,11,2003,4,1
1,12,4251,24,11,2003,4,1
1,13,4252,24,11,2003,4,1
1,11,4253,24,11,2003,4,1
1,8,4311,25,11,2003,4,1
1,16,4312,25,11,2003,4,1
1,13,4511,26,11,2003,4,1
1,29,4512,26,11,2003,4,1
1,12,4513,26,11,2003,4,1
1,19,4514,26,11,2003,4,1
1,18,4541,26,11,2003,4,1
1,8,4551,5,11,2003,4,1
1,9,4551,27,11,2003,4,1
1,0,5121,17,11,2003,4,1
1,16,5121,8,11,2003,4,1
1,8,5122,29,11,2003,4,1
0,0,5122,8,11,2003,4,1
0,0,5311,26,11,2003,4,1
1,13,5331,26,11,2003,4,1
1,21,5341,19,11,2003,4,1
1,11,5361,26,11,2003,4,1
0,0,5362,26,11,2003,4,1
1,12,5411,19,11,2003,4,1
1,7,5412,19,11,2003,4,1
0,0,5413,19,11,2003,4,1
1,19,5511,8,11,2003,4,1
1,19,5511,28,11,2003,4,1
1,30,5511,19,11,2003,4,1
1,13,5521,19,11,2003,4,1
1,6,5631,20,11,2003,4,1
1,12,1112,26,12,2003,5,0
1,5,1121,26,12,2003,5,0
0,0,1131,26,12,2003,5,0
1,16,1132,26,12,2003,5,0
1,36,1231,26,12,2003,5,0
1,10,1311,6,12,2003,5,0
1,12,1312,6,12,2003,5,0
0,0,1411,6,12,2003,5,0
1,14,1521,26,12,2003,5,0
1,20,2112,18,12,2003,5,0
0,0,2121,18,12,2003,5,0
1,11,2122,18,12,2003,5,0
1,2,2123,18,12,2003,5,0
0,0,2211,16,12,2003,5,0
1,14,2231,15,12,2003,5,0
1,15,2232,15,12,2003,5,0
1,20,2251,16,12,2003,5,0
1,10,2331,17,12,2003,5,0
1,5,2441,18,12,2003,5,0
1,30,2491,16,12,2003,5,0
0,0,2492,16,12,2003,5,0
1,10,3111,5,12,2003,5,0
0,0,3112,5,12,2003,5,0
1,11,3121,5,12,2003,5,0
1,13,3141,12,12,2003,5,0
1,13,3211,3,12,2003,5,0
1,11,3221,12,12,2003,5,0
1,15,3222,12,12,2003,5,0
0,0,3251,6,12,2003,5,0
1,10,3252,6,12,2003,5,0
1,19,4121,22,12,2003,5,0
0,0,4131,29,12,2003,5,0
1,17,4132,23,12,2003,5,0
1,17,4211,24,12,2003,5,0
0,0,4221,29,12,2003,5,0
1,10,4411,23,12,2003,5,0
1,26,4412,23,12,2003,5,0
1,9,4521,24,12,2003,5,0
1,12,4522,24,12,2003,5,0
1,14,4523,22,12,2003,5,0
0,0,4531,24,12,2003,5,0
1,26,5111,10,12,2003,5,0
1,35,5131,10,12,2003,5,0
1,0,5211,8,12,2003,5,0
0,0,5321,19,12,2003,5,0
1,17,5351,19,12,2003,5,0
0,0,5371,27,12,2003,5,0
1,12,5421,10,12,2003,5,0
1,11,5422,10,12,2003,5,0
1,13,5531,9,12,2003,5,0
1,14,5612,9,12,2003,5,0
1,10,5621,9,12,2003,5,0
1,12,5641,9,12,2003,5,0
1,0,5721,10,12,2003,5,0
1,22,1221,26,12,2003,5,1
1,0,1321,6,12,2003,5,1
1,14,1421,6,12,2003,5,1
1,8,1511,27,12,2003,5,1
1,14,1512,27,12,2003,5,1
1,15,1531,26,12,2003,5,1
1,21,2221,16,12,2003,5,1
0,0,2241,16,12,2003,5,1
1,9,2311,16,12,2003,5,1
1,26,2341,17,12,2003,5,1
1,15,2351,17,12,2003,5,1
1,17,2352,17,12,2003,5,1
1,22,2353,17,12,2003,5,1
1,12,2411,17,12,2003,5,1
1,14,2451,18,12,2003,5,1
1,14,2452,17,12,2003,5,1
1,10,2454,17,12,2003,5,1
1,15,3131,12,12,2003,5,1
1,29,3231,6,12,2003,5,1
1,25,3232,6,12,2003,5,1
1,26,3241,5,12,2003,5,1
1,22,3242,5,12,2003,5,1
1,27,3311,3,12,2003,5,1
0,0,3321,11,12,2003,5,1
1,22,3322,12,12,2003,5,1
1,16,3411,2,12,2003,5,1
1,8,3412,2,12,2003,5,1
1,16,3511,4,12,2003,5,1
1,13,4111,22,12,2003,5,1
1,8,4112,22,12,2003,5,1
1,20,4231,23,12,2003,5,1
1,15,4241,23,12,2003,5,1
1,11,4251,29,12,2003,5,1
1,12,4252,24,12,2003,5,1
1,10,4253,24,12,2003,5,1
1,11,4311,23,12,2003,5,1
0,0,4312,23,12,2003,5,1
1,16,4511,22,12,2003,5,1
1,24,4512,22,12,2003,5,1
1,18,4513,22,12,2003,5,1
1,0,4514,22,12,2003,5,1
1,8,4541,29,12,2003,5,1
1,12,4551,23,12,2003,5,1
0,0,5121,8,12,2003,5,1
1,7,5122,8,12,2003,5,1
0,0,5311,19,12,2003,5,1
1,13,5331,27,12,2003,5,1
1,17,5341,27,12,2003,5,1
0,0,5361,19,12,2003,5,1
1,8,5362,19,12,2003,5,1
1,3,5411,10,12,2003,5,1
1,14,5412,10,12,2003,5,1
0,0,5413,10,12,2003,5,1
1,15,5511,9,12,2003,5,1
1,2,5521,19,12,2003,5,1
1,11,5631,9,12,2003,5,1
1,15,1112,20,1,2004,6,0
1,12,1121,20,1,2004,6,0
0,0,1131,20,1,2004,6,0
1,13,1132,20,1,2004,6,0
0,0,1231,21,1,2004,6,0
1,11,1311,21,1,2004,6,0
1,18,1312,21,1,2004,6,0
0,0,1411,21,1,2004,6,0
1,19,1521,21,1,2004,6,0
1,20,2112,28,1,2004,6,0
1,10,2121,13,1,2004,6,0
0,0,2122,31,1,2004,6,0
1,13,2123,13,1,2004,6,0
0,0,2211,31,1,2004,6,0
0,0,2231,28,1,2004,6,0
0,0,2232,28,1,2004,6,0
1,12,2251,30,1,2004,6,0
0,0,2331,13,1,2004,6,0
1,10,2441,29,1,2004,6,0
1,40,2491,30,1,2004,6,0
1,20,2492,30,1,2004,6,0
0,0,3111,15,1,2004,6,0
0,0,3112,15,1,2004,6,0
0,0,3121,15,1,2004,6,0
0,0,3141,15,1,2004,6,0
1,7,3211,16,1,2004,6,0
0,0,3221,16,1,2004,6,0
1,16,3222,16,1,2004,6,0
0,0,3251,16,1,2004,6,0
1,18,3252,16,1,2004,6,0
1,17,4121,31,1,2004,6,0
1,12,4131,31,1,2004,6,0
1,8,4132,6,1,2004,6,0
1,23,4211,8,1,2004,6,0
1,17,4221,9,1,2004,6,0
1,9,4411,30,1,2004,6,0
1,19,4412,30,1,2004,6,0
1,9,4521,30,1,2004,6,0
1,7,4522,31,1,2004,6,0
1,16,4523,30,1,2004,6,0
1,10,4531,8,1,2004,6,0
1,30,5111,29,1,2004,6,0
1,38,5131,29,1,2004,6,0
1,9,5211,27,1,2004,6,0
1,17,5321,27,1,2004,6,0
1,9,5351,29,1,2004,6,0
1,6,5371,27,1,2004,6,0
0,0,5421,28,1,2004,6,0
0,0,5422,28,1,2004,6,0
1,7,5531,30,1,2004,6,0
1,15,5612,28,1,2004,6,0
1,11,5621,28,1,2004,6,0
0,0,5641,29,1,2004,6,0
1,6,5721,29,1,2004,6,0
1,16,1221,21,1,2004,6,1
1,3,1321,21,1,2004,6,1
1,11,1421,21,1,2004,6,1
1,14,1511,20,1,2004,6,1
1,14,1512,20,1,2004,6,1
1,0,1531,20,1,2004,6,1
1,24,2221,31,1,2004,6,1
1,30,2241,31,1,2004,6,1
0,0,2311,13,1,2004,6,1
0,0,2341,13,1,2004,6,1
1,17,2351,13,1,2004,6,1
1,14,2352,13,1,2004,6,1
1,21,2353,13,1,2004,6,1
1,17,2411,29,1,2004,6,1
1,18,2451,30,1,2004,6,1
1,12,2452,30,1,2004,6,1
1,8,2454,30,1,2004,6,1
1,9,3131,15,1,2004,6,1
1,25,3231,27,1,2004,6,1
1,28,3232,27,1,2004,6,1
1,27,3241,29,1,2004,6,1
1,17,3242,29,1,2004,6,1
1,25,3311,16,1,2004,6,1
1,28,3321,30,1,2004,6,1
1,25,3322,27,1,2004,6,1
1,22,3411,16,1,2004,6,1
0,0,3412,16,1,2004,6,1
1,16,3511,31,1,2004,6,1
1,14,4111,6,1,2004,6,1
1,10,4112,6,1,2004,6,1
1,14,4231,7,1,2004,6,1
1,16,4241,8,1,2004,6,1
1,21,4251,7,1,2004,6,1
1,17,4252,7,1,2004,6,1
1,13,4253,9,1,2004,6,1
1,13,4311,8,1,2004,6,1
1,11,4312,8,1,2004,6,1
1,20,4511,9,1,2004,6,1
1,24,4512,9,1,2004,6,1
1,19,4513,9,1,2004,6,1
1,24,4514,9,1,2004,6,1
1,15,4541,8,1,2004,6,1
1,11,4551,31,1,2004,6,1
1,10,5121,28,1,2004,6,1
1,11,5122,28,1,2004,6,1
0,0,5311,27,1,2004,6,1
1,14,5331,29,1,2004,6,1
1,14,5341,29,1,2004,6,1
0,0,5361,29,1,2004,6,1
1,11,5362,29,1,2004,6,1
0,0,5411,27,1,2004,6,1
1,14,5412,27,1,2004,6,1
1,11,5413,27,1,2004,6,1
1,0,5511,30,1,2004,6,1
1,13,5521,30,1,2004,6,1
1,13,5631,29,1,2004,6,1
1,16,1112,23,2,2004,7,0
1,9,1121,23,2,2004,7,0
0,0,1131,23,2,2004,7,0
0,0,1132,23,2,2004,7,0
1,37,1231,27,2,2004,7,0
1,0,1311,24,2,2004,7,0
1,21,1312,24,2,2004,7,0
1,14,1411,25,2,2004,7,0
1,13,1521,25,2,2004,7,0
0,0,2112,24,2,2004,7,0
1,6,2121,26,2,2004,7,0
1,11,2122,26,2,2004,7,0
1,15,2123,26,2,2004,7,0
1,19,2211,24,2,2004,7,0
0,0,2231,24,2,2004,7,0
0,0,2232,24,2,2004,7,0
0,0,2251,24,2,2004,7,0
1,7,2331,25,2,2004,7,0
1,9,2441,26,2,2004,7,0
1,34,2491,27,2,2004,7,0
1,18,2492,26,2,2004,7,0
0,0,3111,17,2,2004,7,0
0,0,3112,17,2,2004,7,0
1,10,3121,17,2,2004,7,0
1,20,3141,21,2,2004,7,0
1,13,3211,17,2,2004,7,0
0,0,3221,19,2,2004,7,0
1,8,3222,19,2,2004,7,0
0,0,3251,20,2,2004,7,0
1,18,3252,20,2,2004,7,0
1,22,4121,9,2,2004,7,0
1,14,4131,11,2,2004,7,0
0,0,4132,9,2,2004,7,0
0,0,4211,10,2,2004,7,0
1,17,4221,11,2,2004,7,0
1,11,4411,12,2,2004,7,0
1,20,4412,12,2,2004,7,0
1,4,4521,12,2,2004,7,0
1,12,4522,13,2,2004,7,0
1,22,4523,12,2,2004,7,0
0,0,4531,11,2,2004,7,0
1,36,5111,11,2,2004,7,0
1,34,5131,11,2,2004,7,0
1,13,5211,19,2,2004,7,0
1,12,5321,16,2,2004,7,0
1,11,5351,20,2,2004,7,0
0,0,5371,21,2,2004,7,0
1,15,5421,13,2,2004,7,0
1,7,5422,13,2,2004,7,0
1,12,5531,16,2,2004,7,0
0,0,5612,17,2,2004,7,0
1,16,5621,17,2,2004,7,0
1,10,5641,21,2,2004,7,0
1,10,5721,19,2,2004,7,0
1,20,1221,27,2,2004,7,1
0,0,1321,24,2,2004,7,1
1,15,1421,25,2,2004,7,1
1,15,1511,26,2,2004,7,1
1,0,1512,26,2,2004,7,1
1,12,1531,26,2,2004,7,1
1,7,1541,26,2,2004,7,1
1,26,2221,24,2,2004,7,1
1,30,2241,27,2,2004,7,1
1,3,2311,25,2,2004,7,1
1,12,2341,25,2,2004,7,1
1,14,2351,25,2,2004,7,1
1,15,2352,25,2,2004,7,1
1,14,2353,25,2,2004,7,1
1,17,2411,26,2,2004,7,1
1,12,2451,23,2,2004,7,1
1,12,2452,23,2,2004,7,1
1,8,2454,23,2,2004,7,1
1,13,3131,21,2,2004,7,1
1,19,3231,19,2,2004,7,1
1,25,3232,19,2,2004,7,1
1,18,3241,28,2,2004,7,1
1,13,3242,28,2,2004,7,1
0,0,3311,17,2,2004,7,1
1,23,3321,20,2,2004,7,1
1,23,3322,20,2,2004,7,1
1,20,3411,20,2,2004,7,1
0,0,3412,20,2,2004,7,1
1,9,4111,9,2,2004,7,1
1,11,4112,9,2,2004,7,1
1,21,4231,10,2,2004,7,1
0,0,4241,10,2,2004,7,1
1,14,4251,11,2,2004,7,1
1,12,4252,11,2,2004,7,1
1,13,4253,11,2,2004,7,1
1,9,4311,13,2,2004,7,1
1,8,4312,13,2,2004,7,1
1,12,4511,10,2,2004,7,1
1,18,4512,10,2,2004,7,1
1,20,4513,10,2,2004,7,1
1,23,4514,10,2,2004,7,1
1,15,4541,11,2,2004,7,1
1,14,4551,9,2,2004,7,1
1,12,5121,28,2,2004,7,1
1,12,5122,28,2,2004,7,1
1,11,5311,16,2,2004,7,1
1,16,5331,21,2,2004,7,1
1,17,5341,21,2,2004,7,1
0,0,5361,20,2,2004,7,1
1,9,5362,20,2,2004,7,1
0,0,5411,12,2,2004,7,1
1,15,5412,12,2,2004,7,1
1,15,5413,12,2,2004,7,1
1,23,5511,16,2,2004,7,1
1,13,5521,16,2,2004,7,1
1,10,5631,21,2,2004,7,1
0,0,1112,30,3,2004,8,0
0,0,1121,30,3,2004,8,0
0,0,1131,30,3,2004,8,0
0,0,1132,30,3,2004,8,0
0,0,1231,31,3,2004,8,0
1,9,1311,30,3,2004,8,0
1,14,1312,30,3,2004,8,0
0,0,1411,20,3,2004,8,0
0,0,1521,31,3,2004,8,0
0,0,2112,26,3,2004,8,0
0,0,2121,24,3,2004,8,0
0,0,2122,24,3,2004,8,0
0,0,2123,24,3,2004,8,0
1,9,2211,26,3,2004,8,0
0,0,2231,24,3,2004,8,0
1,8,2232,24,3,2004,8,0
1,19,2251,26,3,2004,8,0
0,0,2331,25,3,2004,8,0
0,0,2441,26,3,2004,8,0
1,35,2491,25,3,2004,8,0
1,15,2492,25,3,2004,8,0
0,0,3111,29,3,2004,8,0
0,0,3112,29,3,2004,8,0
0,0,3121,29,3,2004,8,0
1,15,3141,18,3,2004,8,0
1,9,3211,20,3,2004,8,0
1,14,3221,20,3,2004,8,0
1,18,3222,20,3,2004,8,0
0,0,3251,20,3,2004,8,0
0,0,3252,20,3,2004,8,0
1,20,4121,17,3,2004,8,0
0,0,4131,30,3,2004,8,0
1,7,4132,30,3,2004,8,0
1,24,4211,18,3,2004,8,0
0,0,4221,23,3,2004,8,0
1,9,4411,19,3,2004,8,0
1,17,4412,19,3,2004,8,0
0,0,4521,25,3,2004,8,0
0,0,4522,26,3,2004,8,0
1,14,4523,24,3,2004,8,0
0,0,4531,29,3,2004,8,0
1,12,5111,31,3,2004,8,0
1,13,5131,31,3,2004,8,0
1,13,5211,20,3,2004,8,0
0,0,5321,15,3,2004,8,0
1,11,5351,30,3,2004,8,0
1,6,5371,17,3,2004,8,0
0,0,5421,30,3,2004,8,0
1,7,5422,31,3,2004,8,0
0,0,5531,28,3,2004,8,0
1,13,5531,19,3,2004,8,0
1,14,5612,20,3,2004,8,0
0,0,5621,20,3,2004,8,0
0,0,5641,18,3,2004,8,0
0,0,5721,15,3,2004,8,0
1,10,1221,29,3,2004,8,1
0,0,1421,20,3,2004,8,1
1,16,1511,30,3,2004,8,1
1,15,1512,30,3,2004,8,1
1,0,1531,30,3,2004,8,1
0,0,1541,30,3,2004,8,1
1,27,2221,26,3,2004,8,1
1,31,2241,24,3,2004,8,1
1,16,2311,25,3,2004,8,1
1,14,2341,25,3,2004,8,1
0,0,2351,23,3,2004,8,1
1,13,2352,23,3,2004,8,1
1,14,2353,23,3,2004,8,1
1,17,2411,26,3,2004,8,1
1,18,2451,25,3,2004,8,1
1,15,2452,25,3,2004,8,1
1,9,2454,25,3,2004,8,1
1,8,3131,18,3,2004,8,1
1,16,3231,17,3,2004,8,1
1,15,3232,17,3,2004,8,1
1,26,3241,18,3,2004,8,1
0,0,3242,18,3,2004,8,1
1,11,3311,17,3,2004,8,1
1,24,3321,29,3,2004,8,1
1,24,3322,29,3,2004,8,1
1,17,3411,20,3,2004,8,1
1,8,3412,20,3,2004,8,1
0,0,3511,27,3,2004,8,1
1,14,4111,15,3,2004,8,1
0,0,4112,15,3,2004,8,1
1,16,4231,18,3,2004,8,1
0,0,4241,18,3,2004,8,1
1,9,4251,23,3,2004,8,1
1,18,4252,23,3,2004,8,1
1,13,4253,23,3,2004,8,1
1,13,4311,22,3,2004,8,1
1,8,4312,22,3,2004,8,1
0,0,4511,20,3,2004,8,1
1,15,4512,20,3,2004,8,1
1,18,4513,20,3,2004,8,1
0,0,4514,20,3,2004,8,1
0,0,4541,29,3,2004,8,1
1,11,4551,17,3,2004,8,1
1,9,5121,15,3,2004,8,1
1,11,5122,12,3,2004,8,1
0,0,5311,17,3,2004,8,1
1,11,5331,16,3,2004,8,1
1,14,5341,30,3,2004,8,1
0,0,5361,15,3,2004,8,1
0,0,5362,15,3,2004,8,1
1,16,5411,17,3,2004,8,1
1,11,5412,17,3,2004,8,1
1,0,5413,17,3,2004,8,1
1,18,5511,19,3,2004,8,1
1,10,5521,19,3,2004,8,1
0,0,5631,18,3,2004,8,1
1,10,1112,27,4,2004,9,0
1,7,1121,27,4,2004,9,0
0,0,1131,27,4,2004,9,0
1,8,1132,27,4,2004,9,0
1,42,1231,28,4,2004,9,0
0,0,1311,26,4,2004,9,0
0,0,1312,26,4,2004,9,0
0,0,1411,27,4,2004,9,0
1,16,1521,28,4,2004,9,0
0,0,2112,7,4,2004,9,0
1,12,2121,7,4,2004,9,0
0,0,2122,7,4,2004,9,0
1,10,2123,7,4,2004,9,0
0,0,2211,7,4,2004,9,0
0,0,2231,7,4,2004,9,0
0,0,2232,7,4,2004,9,0
1,17,2251,9,4,2004,9,0
0,0,2331,8,4,2004,9,0
0,0,2441,8,4,2004,9,0
1,37,2491,9,4,2004,9,0
1,19,2492,9,4,2004,9,0
0,0,3111,12,4,2004,9,0
0,0,3112,12,4,2004,9,0
1,11,3121,12,4,2004,9,0
1,19,3141,14,4,2004,9,0
0,0,3211,26,4,2004,9,0
1,16,3221,16,4,2004,9,0
1,13,3222,16,4,2004,9,0
1,15,4121,20,4,2004,9,0
0,0,4131,22,4,2004,9,0
1,16,4132,22,4,2004,9,0
1,11,4211,21,4,2004,9,0
0,0,4221,22,4,2004,9,0
1,10,4411,19,4,2004,9,0
1,17,4412,19,4,2004,9,0
0,0,4521,23,4,2004,9,0
1,0,4522,22,4,2004,9,0
1,15,4523,20,4,2004,9,0
0,0,4531,21,4,2004,9,0
1,24,5111,15,4,2004,9,0
1,28,5131,15,4,2004,9,0
1,13,5211,21,4,2004,9,0
1,16,5321,13,4,2004,9,0
1,9,5351,13,4,2004,9,0
0,0,5371,14,4,2004,9,0
1,10,5421,16,4,2004,9,0
0,0,5422,16,4,2004,9,0
0,0,5531,19,4,2004,9,0
1,19,5612,20,4,2004,9,0
1,16,5621,20,4,2004,9,0
1,8,5641,20,4,2004,9,0
1,8,5721,21,4,2004,9,0
1,9,1221,28,4,2004,9,1
1,17,1421,27,4,2004,9,1
0,0,1511,27,4,2004,9,1
1,15,1512,27,4,2004,9,1
1,11,1531,27,4,2004,9,1
1,12,1541,27,4,2004,9,1
0,0,2221,7,4,2004,9,1
1,17,2241,9,4,2004,9,1
1,19,2311,8,4,2004,9,1
1,13,2341,8,4,2004,9,1
1,18,2351,8,4,2004,9,1
1,16,2352,8,4,2004,9,1
1,17,2353,8,4,2004,9,1
1,12,2411,8,4,2004,9,1
1,15,2451,8,4,2004,9,1
1,14,2452,8,4,2004,9,1
1,10,2454,8,4,2004,9,1
1,10,3131,12,4,2004,9,1
1,21,3231,14,4,2004,9,1
1,30,3232,14,4,2004,9,1
1,30,3241,13,4,2004,9,1
1,19,3242,13,4,2004,9,1
0,0,3311,26,4,2004,9,1
1,14,3321,13,4,2004,9,1
1,25,3322,13,4,2004,9,1
1,22,3411,15,4,2004,9,1
0,0,3412,15,4,2004,9,1
1,12,3511,27,4,2004,9,1
1,12,4111,21,4,2004,9,1
1,17,4112,21,4,2004,9,1
1,22,4231,21,4,2004,9,1
1,10,4241,21,4,2004,9,1
1,17,4251,22,4,2004,9,1
1,22,4252,22,4,2004,9,1
1,11,4253,22,4,2004,9,1
1,9,4311,29,4,2004,9,1
0,0,4312,29,4,2004,9,1
1,13,4511,20,4,2004,9,1
1,23,4512,20,4,2004,9,1
1,18,4513,20,4,2004,9,1
1,18,4514,20,4,2004,9,1
1,15,4541,20,4,2004,9,1
1,11,4551,20,4,2004,9,1
1,16,5121,16,4,2004,9,1
1,9,5311,14,4,2004,9,1
1,11,5331,12,4,2004,9,1
0,0,5341,12,4,2004,9,1
0,0,5362,13,4,2004,9,1
1,19,5411,15,4,2004,9,1
0,0,5412,15,4,2004,9,1
1,11,5413,15,4,2004,9,1
1,21,5511,19,4,2004,9,1
1,10,5521,19,4,2004,9,1
1,11,5631,20,4,2004,9,1
1,0,1112,26,5,2004,10,0
1,8,1121,26,5,2004,10,0
1,7,1132,26,5,2004,10,0
1,16,1231,31,5,2004,10,0
0,0,1311,26,5,2004,10,0
1,16,1312,26,5,2004,10,0
1,18,1411,31,5,2004,10,0
0,0,1521,31,5,2004,10,0
1,7,2112,29,5,2004,10,0
0,0,2121,29,5,2004,10,0
0,0,2122,29,5,2004,10,0
0,0,2123,29,5,2004,10,0
0,0,2211,29,5,2004,10,0
0,0,2231,26,5,2004,10,0
0,0,2232,26,5,2004,10,0
1,0,2251,26,5,2004,10,0
1,9,2331,27,5,2004,10,0
1,0,2441,28,5,2004,10,0
0,0,3121,24,5,2004,10,0
1,13,3141,24,5,2004,10,0
1,9,3211,26,5,2004,10,0
0,0,3221,25,5,2004,10,0
0,0,3222,25,5,2004,10,0
0,0,3252,11,5,2004,10,0
0,0,3252,26,5,2004,10,0
0,0,4121,18,5,2004,10,0
1,8,4131,20,5,2004,10,0
0,0,4132,20,5,2004,10,0
1,17,4211,19,5,2004,10,0
0,0,4221,20,5,2004,10,0
1,0,4411,19,5,2004,10,0
0,0,4412,19,5,2004,10,0
1,10,4521,21,5,2004,10,0
1,15,4522,20,5,2004,10,0
1,12,4523,18,5,2004,10,0
1,11,4531,19,5,2004,10,0
1,11,5111,26,5,2004,10,0
0,0,5131,26,5,2004,10,0
1,13,5211,24,5,2004,10,0
0,0,5321,28,5,2004,10,0
0,0,5351,28,5,2004,10,0
0,0,5371,24,5,2004,10,0
1,16,5421,24,5,2004,10,0
0,0,5422,24,5,2004,10,0
1,9,5531,27,5,2004,10,0
1,25,5612,22,5,2004,10,0
1,13,5621,22,5,2004,10,0
1,6,5641,22,5,2004,10,0
1,17,5721,21,5,2004,10,0
0,0,5731,14,5,2004,10,0
1,13,5731,21,5,2004,10,0
1,18,1221,31,5,2004,10,1
1,51,1421,31,5,2004,10,1
0,0,1511,27,5,2004,10,1
1,13,1512,27,5,2004,10,1
1,10,1531,31,5,2004,10,1
0,0,1541,26,5,2004,10,1
1,21,2221,29,5,2004,10,1
1,12,2241,26,5,2004,10,1
0,0,2311,27,5,2004,10,1
1,15,2341,27,5,2004,10,1
0,0,2351,28,5,2004,10,1
1,14,2352,28,5,2004,10,1
1,18,2353,28,5,2004,10,1
0,0,2411,29,5,2004,10,1
1,11,2451,29,5,2004,10,1
1,11,2452,29,5,2004,10,1
1,10,2454,29,5,2004,10,1
1,0,3131,24,5,2004,10,1
0,0,3231,27,5,2004,10,1
1,25,3232,27,5,2004,10,1
1,19,3311,26,5,2004,10,1
1,14,3321,31,5,2004,10,1
1,25,3322,28,5,2004,10,1
0,0,3411,25,5,2004,10,1
1,10,3511,25,5,2004,10,1
1,9,4111,20,5,2004,10,1
1,8,4112,20,5,2004,10,1
1,10,4231,19,5,2004,10,1
0,0,4241,19,5,2004,10,1
0,0,4251,20,5,2004,10,1
1,19,4252,20,5,2004,10,1
1,13,4253,20,5,2004,10,1
1,9,4311,21,5,2004,10,1
1,9,4312,21,5,2004,10,1
1,10,4511,18,5,2004,10,1
1,22,4512,18,5,2004,10,1
1,15,4513,18,5,2004,10,1
0,0,4514,18,5,2004,10,1
1,8,4541,21,5,2004,10,1
1,10,4551,18,5,2004,10,1
1,14,5121,27,5,2004,10,1
1,10,5122,27,5,2004,10,1
1,12,5122,14,5,2004,10,1
1,10,5122,10,5,2004,10,1
0,0,5311,28,5,2004,10,1
1,12,5331,24,5,2004,10,1
0,0,5341,28,5,2004,10,1
1,12,5411,25,5,2004,10,1
1,15,5412,25,5,2004,10,1
1,19,5413,25,5,2004,10,1
1,8,5511,22,5,2004,10,1
1,17,5521,19,5,2004,10,1
1,9,5631,22,5,2004,10,1
0,0,1112,25,6,2004,11,0
1,15,1121,25,6,2004,11,0
0,0,1132,25,6,2004,11,0
0,0,1231,25,6,2004,11,0
1,17,1311,7,6,2004,11,0
1,17,1312,7,6,2004,11,0
1,10,1411,28,6,2004,11,0
0,0,1521,28,6,2004,11,0
0,0,2112,21,6,2004,11,0
0,0,2121,22,6,2004,11,0
0,0,2122,22,6,2004,11,0
0,0,2123,22,6,2004,11,0
1,17,2211,22,6,2004,11,0
0,0,2231,24,6,2004,11,0
1,10,2232,24,6,2004,11,0
1,17,2251,24,6,2004,11,0
0,0,2331,22,6,2004,11,0
0,0,2441,23,6,2004,11,0
1,27,2491,3,6,2004,11,0
1,32,2491,23,6,2004,11,0
1,16,2492,23,6,2004,11,0
1,8,2492,3,6,2004,11,0
0,0,3121,8,6,2004,11,0
0,0,3141,8,6,2004,11,0
1,8,3211,9,6,2004,11,0
0,0,3221,9,6,2004,11,0
1,10,3222,9,6,2004,11,0
0,0,3252,7,6,2004,11,0
0,0,4121,16,6,2004,11,0
0,0,4131,16,6,2004,11,0
1,0,4132,16,6,2004,11,0
1,16,4211,10,6,2004,11,0
1,7,4221,17,6,2004,11,0
0,0,4411,30,6,2004,11,0
1,25,4412,30,6,2004,11,0
0,0,4521,15,6,2004,11,0
0,0,4522,8,6,2004,11,0
0,0,4523,15,6,2004,11,0
0,0,4531,14,6,2004,11,0
1,20,5111,24,6,2004,11,0
0,0,5131,24,6,2004,11,0
1,13,5211,11,6,2004,11,0
0,0,5321,10,6,2004,11,0
0,0,5351,9,6,2004,11,0
0,0,5371,9,6,2004,11,0
0,0,5421,24,6,2004,11,0
1,10,5422,24,6,2004,11,0
1,11,5531,28,6,2004,11,0
0,0,5612,29,6,2004,11,0
0,0,5621,29,6,2004,11,0
1,4,5641,29,6,2004,11,0
0,0,5721,30,6,2004,11,0
0,0,5731,30,6,2004,11,0
1,20,1221,25,6,2004,11,1
1,12,1421,28,6,2004,11,1
1,13,1511,28,6,2004,11,1
1,17,1512,28,6,2004,11,1
1,13,1531,28,6,2004,11,1
1,5,1541,28,6,2004,11,1
1,21,2221,22,6,2004,11,1
1,11,2241,24,6,2004,11,1
0,0,2311,22,6,2004,11,1
0,0,2341,22,6,2004,11,1
1,13,2351,22,6,2004,11,1
1,16,2352,22,6,2004,11,1
1,19,2353,22,6,2004,11,1
0,0,2411,23,6,2004,11,1
1,10,2451,22,6,2004,11,1
1,9,2452,23,6,2004,11,1
1,9,2454,22,6,2004,11,1
0,0,3131,8,6,2004,11,1
0,0,3231,10,6,2004,11,1
1,0,3232,10,6,2004,11,1
1,12,3311,10,6,2004,11,1
1,0,3322,11,6,2004,11,1
1,26,3412,11,6,2004,11,1
1,9,4111,30,6,2004,11,1
0,0,4112,30,6,2004,11,1
1,11,4231,18,6,2004,11,1
0,0,4241,18,6,2004,11,1
0,0,4251,17,6,2004,11,1
0,0,4252,17,6,2004,11,1
1,12,4253,17,6,2004,11,1
1,10,4311,18,6,2004,11,1
0,0,4312,18,6,2004,11,1
0,0,4511,11,6,2004,11,1
1,20,4512,11,6,2004,11,1
1,17,4513,11,6,2004,11,1
0,0,4514,11,6,2004,11,1
0,0,4541,14,6,2004,11,1
1,9,4551,16,6,2004,11,1
1,17,5121,14,6,2004,11,1
0,0,5122,14,6,2004,11,1
1,12,5311,10,6,2004,11,1
1,13,5331,10,6,2004,11,1
1,23,5341,9,6,2004,11,1
1,5,5411,30,6,2004,11,1
1,21,5412,30,6,2004,11,1
0,0,5413,30,6,2004,11,1
0,0,5511,28,6,2004,11,1
1,11,5521,28,6,2004,11,1
0,0,5631,29,6,2004,11,1
0,0,1112,16,7,2004,12,0
1,20,1121,16,7,2004,12,0
0,0,1132,16,7,2004,12,0
1,58,1231,22,7,2004,12,0
0,0,1311,16,7,2004,12,0
1,26,1312,16,7,2004,12,0
1,6,1411,22,7,2004,12,0
1,15,1521,16,7,2004,12,0
1,7,2112,12,7,2004,12,0
1,21,2121,13,7,2004,12,0
0,0,2122,13,7,2004,12,0
1,14,2123,13,7,2004,12,0
1,20,2211,13,7,2004,12,0
1,0,2231,13,7,2004,12,0
1,11,2232,13,7,2004,12,0
1,23,2251,12,7,2004,12,0
1,16,2331,13,7,2004,12,0
1,13,2441,13,7,2004,12,0
1,43,2491,23,7,2004,12,0
1,25,2492,23,7,2004,12,0
1,6,3121,15,7,2004,12,0
0,0,3141,15,7,2004,12,0
1,18,3211,15,7,2004,12,0
1,9,3221,7,7,2004,12,0
1,7,3222,9,7,2004,12,0
0,0,3252,8,7,2004,12,0
1,5,4121,20,7,2004,12,0
1,22,4131,21,7,2004,12,0
1,19,4132,20,7,2004,12,0
1,15,4211,21,7,2004,12,0
1,15,4221,20,7,2004,12,0
1,16,4411,21,7,2004,12,0
1,30,4412,21,7,2004,12,0
0,0,4521,22,7,2004,12,0
1,13,4522,21,7,2004,12,0
1,19,4523,22,7,2004,12,0
1,12,4531,23,7,2004,12,0
1,15,5111,6,7,2004,12,0
1,28,5131,7,7,2004,12,0
0,0,5211,6,7,2004,12,0
1,9,5321,8,7,2004,12,0
1,8,5351,9,7,2004,12,0
1,23,5371,21,7,2004,12,0
0,0,5421,6,7,2004,12,0
0,0,5422,6,7,2004,12,0
1,17,5531,8,7,2004,12,0
1,24,5612,9,7,2004,12,0
0,0,5621,9,7,2004,12,0
1,18,5641,9,7,2004,12,0
1,17,5721,20,7,2004,12,0
1,10,5731,20,7,2004,12,0
1,21,1221,22,7,2004,12,1
1,17,1421,22,7,2004,12,1
0,0,1511,16,7,2004,12,1
1,15,1512,16,7,2004,12,1
1,19,1531,14,7,2004,12,1
1,19,1541,16,7,2004,12,1
1,28,2221,13,7,2004,12,1
1,29,2241,13,7,2004,12,1
1,18,2311,13,7,2004,12,1
1,25,2341,13,7,2004,12,1
1,14,2351,13,7,2004,12,1
1,19,2352,13,7,2004,12,1
1,22,2353,13,7,2004,12,1
0,0,2411,12,7,2004,12,1
1,18,2451,12,7,2004,12,1
1,20,2452,12,7,2004,12,1
1,14,2454,12,7,2004,12,1
1,5,3131,15,7,2004,12,1
1,13,3231,8,7,2004,12,1
1,34,3232,8,7,2004,12,1
1,22,3241,9,7,2004,12,1
1,17,3242,9,7,2004,12,1
0,0,3311,17,7,2004,12,1
1,40,3321,23,7,2004,12,1
1,31,3322,15,7,2004,12,1
1,16,3411,15,7,2004,12,1
1,13,3412,15,7,2004,12,1
1,13,3511,14,7,2004,12,1
1,19,4111,22,7,2004,12,1
1,15,4112,22,7,2004,12,1
1,31,4231,21,7,2004,12,1
0,0,4241,21,7,2004,12,1
1,14,4251,20,7,2004,12,1
1,19,4252,20,7,2004,12,1
1,9,4253,20,7,2004,12,1
1,11,4311,19,7,2004,12,1
0,0,4312,19,7,2004,12,1
1,23,4511,22,7,2004,12,1
1,29,4512,22,7,2004,12,1
1,22,4513,22,7,2004,12,1
1,20,4514,22,7,2004,12,1
1,10,4541,23,7,2004,12,1
0,0,4551,21,7,2004,12,1
1,20,5121,19,7,2004,12,1
1,13,5122,31,7,2004,12,1
1,9,5311,8,7,2004,12,1
1,12,5331,8,7,2004,12,1
1,36,5341,9,7,2004,12,1
1,13,5411,7,7,2004,12,1
1,9,5412,7,7,2004,12,1
1,10,5413,7,7,2004,12,1
1,24,5511,8,7,2004,12,1
1,27,5521,8,7,2004,12,1
1,6,5631,9,7,2004,12,1
1,61,1231,12,8,2004,13,0
1,26,2112,19,8,2004,13,0
1,15,2121,20,8,2004,13,0
1,24,2122,20,8,2004,13,0
1,11,2123,20,8,2004,13,0
0,0,2211,18,8,2004,13,0
1,16,2231,19,8,2004,13,0
1,14,2232,19,8,2004,13,0
1,21,2251,18,8,2004,13,0
0,0,2331,20,8,2004,13,0
0,0,2441,20,8,2004,13,0
1,43,2491,21,8,2004,13,0
1,25,2492,21,8,2004,13,0
1,12,3121,10,8,2004,13,0
0,0,3141,10,8,2004,13,0
0,0,3211,13,8,2004,13,0
0,0,3252,12,8,2004,13,0
1,18,4211,20,8,2004,13,0
0,0,5321,13,8,2004,13,0
1,23,1221,12,8,2004,13,1
1,28,2221,18,8,2004,13,1
0,0,2241,20,8,2004,13,1
1,22,2311,20,8,2004,13,1
1,37,2341,20,8,2004,13,1
0,0,2351,20,8,2004,13,1
0,0,2352,20,8,2004,13,1
1,21,2353,20,8,2004,13,1
1,22,2411,19,8,2004,13,1
1,22,2451,19,8,2004,13,1
1,25,2452,19,8,2004,13,1
1,17,2454,19,8,2004,13,1
1,11,3131,10,8,2004,13,1
1,21,3241,11,8,2004,13,1
1,17,3242,11,8,2004,13,1
1,39,3322,13,8,2004,13,1
1,13,3411,12,8,2004,13,1
1,7,3412,12,8,2004,13,1
0,0,4241,20,8,2004,13,1
1,24,4251,18,8,2004,13,1
1,12,4311,21,8,2004,13,1
1,7,4312,21,8,2004,13,1
1,21,4511,20,8,2004,13,1
1,22,4512,20,8,2004,13,1
1,19,4513,20,8,2004,13,1
1,27,4514,20,8,2004,13,1
0,0,5121,10,8,2004,13,1
1,9,5311,13,8,2004,13,1
1,10,5331,13,8,2004,13,1
1,18,5411,13,8,2004,13,1
1,10,5412,13,8,2004,13,1
0,0,5413,13,8,2004,13,1
0,0,1112,28,8,2004,14,0
0,0,1121,28,8,2004,14,0
0,0,1132,28,8,2004,14,0
1,52,1231,30,9,2004,14,0
1,16,1311,13,9,2004,14,0
1,8,1311,20,9,2004,14,0
1,9,1312,20,9,2004,14,0
1,16,1312,13,9,2004,14,0
0,0,1411,28,8,2004,14,0
1,18,1521,28,8,2004,14,0
1,21,2112,24,9,2004,14,0
0,0,2121,24,9,2004,14,0
0,0,2122,24,9,2004,14,0
0,0,2123,24,9,2004,14,0
1,20,2211,24,9,2004,14,0
1,11,2231,24,9,2004,14,0
1,14,2232,24,9,2004,14,0
1,16,2251,24,9,2004,14,0
1,17,2331,25,9,2004,14,0
0,0,2441,27,9,2004,14,0
1,42,2491,27,9,2004,14,0
1,18,2492,27,9,2004,14,0
1,10,3121,22,9,2004,14,0
0,0,3141,22,9,2004,14,0
1,20,3211,21,9,2004,14,0
1,4,3221,6,9,2004,14,0
1,13,3221,29,9,2004,14,0
1,8,3222,29,9,2004,14,0
1,17,3222,6,9,2004,14,0
1,21,3252,21,9,2004,14,0
1,21,4121,27,8,2004,14,0
0,0,4121,16,9,2004,14,0
1,18,4131,26,8,2004,14,0
0,0,4132,26,8,2004,14,0
1,15,4132,16,9,2004,14,0
1,11,4221,17,9,2004,14,0
0,0,4221,27,8,2004,14,0
1,11,4411,27,8,2004,14,0
1,21,4412,27,8,2004,14,0
1,20,4412,17,9,2004,14,0
0,0,4521,26,8,2004,14,0
0,0,4521,18,9,2004,14,0
0,0,4522,29,9,2004,14,0
0,0,4522,26,8,2004,14,0
1,17,4523,18,9,2004,14,0
1,14,4523,26,8,2004,14,0
0,0,4531,18,9,2004,14,0
1,11,4531,27,8,2004,14,0
1,39,5111,30,9,2004,14,0
0,0,5131,31,8,2004,14,0
1,26,5131,30,9,2004,14,0
0,0,5211,30,9,2004,14,0
0,0,5211,31,8,2004,14,0
1,17,5321,28,9,2004,14,0
0,0,5351,28,8,2004,14,0
1,0,5351,28,9,2004,14,0
1,17,5371,28,9,2004,14,0
0,0,5371,28,8,2004,14,0
0,0,5421,30,9,2004,14,0
1,7,5421,28,8,2004,14,0
1,20,5422,30,9,2004,14,0
0,0,5422,28,8,2004,14,0
0,0,5531,29,9,2004,14,0
1,6,5621,29,9,2004,14,0
0,0,5621,28,8,2004,14,0
0,0,5641,28,8,2004,14,0
1,19,5641,29,9,2004,14,0
0,0,5731,31,8,2004,14,0
1,21,1221,30,9,2004,14,1
1,12,1421,28,8,2004,14,1
0,0,1421,30,9,2004,14,1
1,5,1511,28,8,2004,14,1
1,0,1512,28,8,2004,14,1
1,6,1531,28,8,2004,14,1
1,10,1541,28,8,2004,14,1
1,34,2221,24,9,2004,14,1
0,0,2241,24,9,2004,14,1
1,14,2311,25,9,2004,14,1
1,33,2341,25,9,2004,14,1
0,0,2351,25,9,2004,14,1
1,19,2352,25,9,2004,14,1
1,18,2353,25,9,2004,14,1
1,22,2411,27,9,2004,14,1
1,17,2451,25,9,2004,14,1
1,22,2452,23,9,2004,14,1
1,8,2454,25,9,2004,14,1
0,0,3131,22,9,2004,14,1
0,0,3231,21,9,2004,14,1
1,8,3231,6,9,2004,14,1
1,30,3232,9,9,2004,14,1
1,35,3311,22,9,2004,14,1
1,32,3311,9,9,2004,14,1
1,33,3321,10,9,2004,14,1
1,31,3321,30,9,2004,14,1
1,21,3322,30,9,2004,14,1
1,16,3411,29,9,2004,14,1
0,0,3412,29,9,2004,14,1
1,15,3511,8,9,2004,14,1
1,16,3511,8,9,2004,14,1
1,19,4111,27,8,2004,14,1
1,16,4111,16,9,2004,14,1
1,13,4112,16,9,2004,14,1
1,16,4112,27,8,2004,14,1
1,22,4231,17,9,2004,14,1
1,23,4231,27,8,2004,14,1
0,0,4241,17,9,2004,14,1
0,0,4251,17,9,2004,14,1
1,17,4252,17,9,2004,14,1
1,20,4252,27,8,2004,14,1
1,14,4253,17,9,2004,14,1
1,20,4253,27,8,2004,14,1
1,9,4311,18,9,2004,14,1
1,7,4312,18,9,2004,14,1
1,19,4511,18,9,2004,14,1
1,22,4512,18,9,2004,14,1
1,14,4513,18,9,2004,14,1
1,21,4514,18,9,2004,14,1
1,13,4541,18,9,2004,14,1
1,16,4541,26,8,2004,14,1
1,0,4551,30,9,2004,14,1
0,0,4551,27,8,2004,14,1
1,18,5121,27,9,2004,14,1
1,16,5122,27,9,2004,14,1
1,8,5311,28,9,2004,14,1
1,12,5331,29,9,2004,14,1
1,36,5341,28,8,2004,14,1
1,0,5341,30,9,2004,14,1
0,0,5411,30,9,2004,14,1
1,20,5412,30,9,2004,14,1
1,21,5413,30,9,2004,14,1
1,22,5511,14,9,2004,14,1
0,0,5511,28,9,2004,14,1
1,17,5521,28,9,2004,14,1
1,15,5521,28,8,2004,14,1
1,9,5631,28,8,2004,14,1
1,8,5631,29,9,2004,14,1
1,10,1112,27,10,2004,15,0
1,0,1121,7,10,2004,15,0
1,6,1121,27,10,2004,15,0
1,8,1132,27,10,2004,15,0
0,0,1132,7,10,2004,15,0
1,54,1231,26,10,2004,15,0
1,19,1311,26,10,2004,15,0
1,7,1312,26,10,2004,15,0
0,0,1411,23,10,2004,15,0
1,11,1521,23,10,2004,15,0
1,19,2112,28,10,2004,15,0
1,8,2121,28,10,2004,15,0
1,21,2122,28,10,2004,15,0
1,23,2123,28,10,2004,15,0
1,24,2211,28,10,2004,15,0
1,10,2231,28,10,2004,15,0
1,11,2232,28,10,2004,15,0
1,22,2251,28,10,2004,15,0
1,7,2331,29,10,2004,15,0
0,0,2441,28,10,2004,15,0
1,18,2492,29,10,2004,15,0
1,0,3121,23,10,2004,15,0
0,0,3141,23,10,2004,15,0
0,0,3211,19,10,2004,15,0
1,7,3221,19,10,2004,15,0
1,16,3222,19,10,2004,15,0
1,15,3252,9,10,2004,15,0
1,20,4121,13,10,2004,15,0
0,0,4132,13,10,2004,15,0
1,13,4211,15,10,2004,15,0
0,0,4221,12,10,2004,15,0
1,16,4411,13,10,2004,15,0
1,12,4412,13,10,2004,15,0
1,10,4521,15,10,2004,15,0
1,17,4522,14,10,2004,15,0
1,11,4522,30,10,2004,15,0
1,12,4531,12,10,2004,15,0
1,38,5111,5,10,2004,15,0
0,0,5321,26,10,2004,15,0
1,9,5351,26,10,2004,15,0
1,19,5371,26,10,2004,15,0
1,12,5421,30,10,2004,15,0
1,15,5422,30,10,2004,15,0
1,12,5531,30,10,2004,15,0
1,12,5612,30,10,2004,15,0
0,0,5621,30,10,2004,15,0
1,9,5641,30,10,2004,15,0
0,0,5721,5,10,2004,15,0
1,13,1221,26,10,2004,15,1
0,0,1421,23,10,2004,15,1
1,9,1511,23,10,2004,15,1
1,9,1511,7,10,2004,15,1
1,16,1512,7,10,2004,15,1
1,9,1531,23,10,2004,15,1
1,15,1541,7,10,2004,15,1
1,14,1541,23,10,2004,15,1
1,35,2221,28,10,2004,15,1
1,30,2241,29,10,2004,15,1
1,6,2311,29,10,2004,15,1
1,30,2341,29,10,2004,15,1
1,10,2351,29,10,2004,15,1
1,22,2352,29,10,2004,15,1
1,19,2353,29,10,2004,15,1
1,21,2411,29,10,2004,15,1
1,16,2451,29,10,2004,15,1
1,20,2452,29,10,2004,15,1
1,13,2454,29,10,2004,15,1
1,7,3131,23,10,2004,15,1
1,10,3231,19,10,2004,15,1
1,12,3232,19,10,2004,15,1
0,0,3241,23,10,2004,15,1
0,0,3242,23,10,2004,15,1
1,23,3311,19,10,2004,15,1
1,20,3321,18,10,2004,15,1
1,16,3322,18,10,2004,15,1
0,0,3411,9,10,2004,15,1
0,0,3412,9,10,2004,15,1
1,17,3511,6,10,2004,15,1
1,16,4111,13,10,2004,15,1
1,13,4112,13,10,2004,15,1
1,12,4231,14,10,2004,15,1
0,0,4241,12,10,2004,15,1
1,17,4251,12,10,2004,15,1
1,16,4252,12,10,2004,15,1
1,11,4253,12,10,2004,15,1
1,7,4311,11,10,2004,15,1
1,9,4312,11,10,2004,15,1
1,13,4511,14,10,2004,15,1
1,22,4512,14,10,2004,15,1
1,19,4513,14,10,2004,15,1
1,21,4514,14,10,2004,15,1
1,9,4541,12,10,2004,15,1
1,4,4551,13,10,2004,15,1
1,47,5341,26,10,2004,15,1
1,8,5631,30,10,2004,15,1
0,0,1112,4,11,2004,16,0
0,0,1121,4,11,2004,16,0
0,0,1132,4,11,2004,16,0
1,0,1231,23,11,2004,16,0
1,0,1311,30,11,2004,16,0
1,0,1312,30,11,2004,16,0
1,0,1411,23,11,2004,16,0
1,0,1521,23,11,2004,16,0
1,0,3121,16,11,2004,16,0
1,0,3141,16,11,2004,16,0
0,0,3211,16,11,2004,16,0
1,0,3221,16,11,2004,16,0
0,0,3222,16,11,2004,16,0
0,0,3252,19,11,2004,16,0
1,0,4121,19,11,2004,16,0
0,0,4131,25,11,2004,16,0
1,0,4132,25,11,2004,16,0
1,0,4211,18,11,2004,16,0
1,0,4221,18,11,2004,16,0
1,0,4411,19,11,2004,16,0
1,0,4412,19,11,2004,16,0
0,0,4522,29,11,2004,16,0
0,0,5111,26,11,2004,16,0
1,0,5131,26,11,2004,16,0
1,0,5211,26,11,2004,16,0
1,0,5321,29,11,2004,16,0
1,0,5351,29,11,2004,16,0
1,0,5371,29,11,2004,16,0
1,0,5421,30,11,2004,16,0
1,0,5422,30,11,2004,16,0
1,0,5531,26,11,2004,16,0
1,0,5612,27,11,2004,16,0
1,0,5621,27,11,2004,16,0
1,0,5641,27,11,2004,16,0
0,0,5721,30,11,2004,16,0
0,0,5731,30,11,2004,16,0
0,0,1221,23,11,2004,16,1
0,0,1421,23,11,2004,16,1
1,0,1511,30,11,2004,16,1
1,0,1512,30,11,2004,16,1
1,0,1531,30,11,2004,16,1
1,0,1541,30,11,2004,16,1
0,0,3131,16,11,2004,16,1
1,0,3231,17,11,2004,16,1
1,0,3232,17,11,2004,16,1
1,0,3241,17,11,2004,16,1
1,0,3242,17,11,2004,16,1
1,0,3311,18,11,2004,16,1
1,0,3321,22,11,2004,16,1
1,0,3322,19,11,2004,16,1
1,0,3411,18,11,2004,16,1
1,0,3412,18,11,2004,16,1
1,0,3511,23,11,2004,16,1
1,0,4111,25,11,2004,16,1
1,0,4112,25,11,2004,16,1
1,0,4231,19,11,2004,16,1
0,0,4241,18,11,2004,16,1
1,0,4251,18,11,2004,16,1
1,0,4252,18,11,2004,16,1
1,0,4253,18,11,2004,16,1
1,0,4311,20,11,2004,16,1
1,0,4312,20,11,2004,16,1
1,0,4511,19,11,2004,16,1
1,0,4512,19,11,2004,16,1
1,0,4513,19,11,2004,16,1
1,0,4514,19,11,2004,16,1
0,0,4551,19,11,2004,16,1
1,0,5121,8,11,2004,16,1
1,0,5121,26,11,2004,16,1
1,0,5122,27,11,2004,16,1
0,0,5122,8,11,2004,16,1
1,0,5311,5,11,2004,16,1
0,0,5311,29,11,2004,16,1
1,0,5331,29,11,2004,16,1
1,0,5331,5,11,2004,16,1
1,0,5341,29,11,2004,16,1
1,0,5411,6,11,2004,16,1
1,0,5411,30,11,2004,16,1
1,0,5412,6,11,2004,16,1
1,0,5412,30,11,2004,16,1
1,0,5413,6,11,2004,16,1
0,0,5413,30,11,2004,16,1
1,0,5511,26,11,2004,16,1
1,0,5511,8,11,2004,16,1
0,0,5521,26,11,2004,16,1
1,0,5521,8,11,2004,16,1
1,0,5631,26,11,2004,16,1
1,0,1112,24,12,2004,17,0
1,0,1121,24,12,2004,17,0
0,0,1132,13,12,2004,17,0
1,0,1231,13,12,2004,17,0
1,0,1311,23,12,2004,17,0
1,0,1312,23,12,2004,17,0
1,0,1411,13,12,2004,17,0
0,0,2112,4,12,2004,17,0
1,0,2112,15,12,2004,17,0
0,0,2121,2,12,2004,17,0
1,0,2121,18,12,2004,17,0
0,0,2122,18,12,2004,17,0
0,0,2122,2,12,2004,17,0
1,0,2123,2,12,2004,17,0
1,0,2123,18,12,2004,17,0
0,0,2211,15,12,2004,17,0
0,0,2211,4,12,2004,17,0
0,0,2231,17,12,2004,17,0
0,0,2231,4,12,2004,17,0
0,0,2232,4,12,2004,17,0
0,0,2232,17,12,2004,17,0
1,0,2251,15,12,2004,17,0
0,0,2331,2,12,2004,17,0
0,0,2331,17,12,2004,17,0
0,0,2441,17,12,2004,17,0
1,0,2491,16,12,2004,17,0
1,0,2491,3,12,2004,17,0
1,0,2492,16,12,2004,17,0
1,0,2492,3,12,2004,17,0
1,0,3121,10,12,2004,17,0
1,0,3141,10,12,2004,17,0
1,0,3211,14,12,2004,17,0
1,0,3221,14,12,2004,17,0
1,0,3222,14,12,2004,17,0
0,0,3252,14,12,2004,17,0
1,0,4121,30,12,2004,17,0
0,0,4131,30,12,2004,17,0
1,0,4132,29,12,2004,17,0
0,0,4211,29,12,2004,17,0
0,0,4221,28,12,2004,17,0
1,0,4411,28,12,2004,17,0
1,0,4412,28,12,2004,17,0
0,0,4521,30,12,2004,17,0
0,0,4521,9,12,2004,17,0
0,0,4522,31,12,2004,17,0
0,0,4523,28,12,2004,17,0
0,0,4523,9,12,2004,17,0
0,0,4531,9,12,2004,17,0
0,0,4531,28,12,2004,17,0
0,0,5111,21,12,2004,17,0
1,0,5131,20,12,2004,17,0
1,0,5211,10,12,2004,17,0
0,0,5211,20,12,2004,17,0
1,0,5321,20,12,2004,17,0
1,0,5351,20,12,2004,17,0
1,0,5371,21,12,2004,17,0
1,0,5421,20,12,2004,17,0
1,0,5422,20,12,2004,17,0
1,0,5531,3,12,2004,17,0
1,0,5612,22,12,2004,17,0
0,0,5621,22,12,2004,17,0
1,0,5641,22,12,2004,17,0
0,0,5721,22,12,2004,17,0
0,0,5731,31,12,2004,17,0
1,0,1221,13,12,2004,17,1
1,0,1421,13,12,2004,17,1
1,0,1511,23,12,2004,17,1
1,0,1512,23,12,2004,17,1
1,0,1531,23,12,2004,17,1
1,0,1541,23,12,2004,17,1
1,0,2221,3,12,2004,17,1
1,0,2221,15,12,2004,17,1
1,0,2241,2,12,2004,17,1
1,0,2241,17,12,2004,17,1
0,0,2311,1,12,2004,17,1
1,0,2311,17,12,2004,17,1
1,0,2341,17,12,2004,17,1
1,0,2341,2,12,2004,17,1
1,0,2351,2,12,2004,17,1
0,0,2351,16,12,2004,17,1
1,0,2352,16,12,2004,17,1
1,0,2352,2,12,2004,17,1
1,0,2353,16,12,2004,17,1
0,0,2353,2,12,2004,17,1
1,0,2411,3,12,2004,17,1
1,0,2411,16,12,2004,17,1
1,0,2451,3,12,2004,17,1
1,0,2451,16,12,2004,17,1
1,0,2452,3,12,2004,17,1
1,0,2452,16,12,2004,17,1
1,0,2454,16,12,2004,17,1
1,0,2454,3,12,2004,17,1
1,0,3231,14,12,2004,17,1
1,0,3232,23,12,2004,17,1
0,0,3241,16,12,2004,17,1
1,0,3242,16,12,2004,17,1
1,0,3311,22,12,2004,17,1
1,0,3321,17,12,2004,17,1
1,0,3322,17,12,2004,17,1
1,0,3411,22,12,2004,17,1
1,0,3412,22,12,2004,17,1
1,0,3511,23,12,2004,17,1
1,0,4111,29,12,2004,17,1
0,0,4112,27,12,2004,17,1
1,0,4231,29,12,2004,17,1
1,0,4241,29,12,2004,17,1
1,0,4251,28,12,2004,17,1
1,0,4252,28,12,2004,17,1
1,0,4253,28,12,2004,17,1
0,0,4311,29,12,2004,17,1
0,0,4312,29,12,2004,17,1
1,0,4511,27,12,2004,17,1
1,0,4512,28,12,2004,17,1
1,0,4513,27,12,2004,17,1
1,0,4514,27,12,2004,17,1
1,0,4541,28,12,2004,17,1
0,0,4541,9,12,2004,17,1
1,0,4551,30,12,2004,17,1
1,0,5121,20,12,2004,17,1
0,0,5122,20,12,2004,17,1
1,0,5311,10,12,2004,17,1
1,0,5331,21,12,2004,17,1
1,0,5341,21,12,2004,17,1
1,0,5411,21,12,2004,17,1
1,0,5412,21,12,2004,17,1
0,0,5413,21,12,2004,17,1
1,0,5511,3,12,2004,17,1
1,0,5521,3,12,2004,17,1
1,0,5631,22,12,2004,17,1
1,0,1112,27,1,2005,18,0
1,0,1121,27,1,2005,18,0
0,0,1132,27,1,2005,18,0
1,0,1231,15,1,2005,18,0
0,0,1311,12,1,2005,18,0
1,0,1312,12,1,2005,18,0
0,0,1411,25,1,2005,18,0
0,0,1521,27,1,2005,18,0
1,0,2112,18,1,2005,18,0
1,0,2121,11,1,2005,18,0
1,0,2122,11,1,2005,18,0
0,0,2123,11,1,2005,18,0
1,0,2211,21,1,2005,18,0
0,0,2231,21,1,2005,18,0
1,0,2232,21,1,2005,18,0
1,0,2251,21,1,2005,18,0
1,0,2331,19,1,2005,18,0
0,0,2441,20,1,2005,18,0
1,0,2491,20,1,2005,18,0
1,0,2492,20,1,2005,18,0
0,0,3121,8,1,2005,18,0
0,0,3141,10,1,2005,18,0
1,0,3211,7,1,2005,18,0
1,0,3221,7,1,2005,18,0
1,0,3222,7,1,2005,18,0
1,0,3252,6,1,2005,18,0
1,0,4121,12,1,2005,18,0
1,0,4131,11,1,2005,18,0
0,0,4132,11,1,2005,18,0
1,0,4211,13,1,2005,18,0
1,0,4221,17,1,2005,18,0
0,0,4411,21,1,2005,18,0
0,0,4412,21,1,2005,18,0
0,0,4521,24,1,2005,18,0
0,0,4522,24,1,2005,18,0
1,0,4523,20,1,2005,18,0
0,0,4531,20,1,2005,18,0
1,0,5111,13,1,2005,18,0
1,0,5131,13,1,2005,18,0
0,0,5211,11,1,2005,18,0
1,0,5321,20,1,2005,18,0
1,0,5351,20,1,2005,18,0
0,0,5371,21,1,2005,18,0
0,0,5421,11,1,2005,18,0
0,0,5422,11,1,2005,18,0
1,0,5531,28,1,2005,18,0
0,0,5612,27,1,2005,18,0
0,0,5621,27,1,2005,18,0
0,0,5641,27,1,2005,18,0
0,0,5721,19,1,2005,18,0
0,0,1221,13,1,2005,18,1
1,0,1421,25,1,2005,18,1
1,0,1511,25,1,2005,18,1
1,0,1512,25,1,2005,18,1
1,0,1531,25,1,2005,18,1
1,0,1541,25,1,2005,18,1
1,0,2221,21,1,2005,18,1
1,0,2241,18,1,2005,18,1
0,0,2311,19,1,2005,18,1
1,0,2341,19,1,2005,18,1
1,0,2351,11,1,2005,18,1
1,0,2352,11,1,2005,18,1
1,0,2353,11,1,2005,18,1
1,0,2411,11,1,2005,18,1
1,0,2451,19,1,2005,18,1
1,0,2452,19,1,2005,18,1
1,0,2454,19,1,2005,18,1
0,0,3131,8,1,2005,18,1
1,0,3231,6,1,2005,18,1
1,0,3232,8,1,2005,18,1
1,0,3241,7,1,2005,18,1
1,0,3242,7,1,2005,18,1
1,0,3311,7,1,2005,18,1
1,0,3321,18,1,2005,18,1
1,0,3322,5,1,2005,18,1
0,0,3411,17,1,2005,18,1
1,0,3412,7,1,2005,18,1
0,0,4111,10,1,2005,18,1
0,0,4112,10,1,2005,18,1
1,0,4231,13,1,2005,18,1
1,0,4241,13,1,2005,18,1
1,0,4251,17,1,2005,18,1
1,0,4252,17,1,2005,18,1
1,0,4253,17,1,2005,18,1
1,0,4311,18,1,2005,18,1
1,0,4312,18,1,2005,18,1
1,0,4511,19,1,2005,18,1
1,0,4512,19,1,2005,18,1
1,0,4513,19,1,2005,18,1
1,0,4514,19,1,2005,18,1
1,0,4541,20,1,2005,18,1
1,0,4551,12,1,2005,18,1
1,0,5121,12,1,2005,18,1
1,0,5122,12,1,2005,18,1
1,0,5311,20,1,2005,18,1
1,0,5331,21,1,2005,18,1
1,0,5341,21,1,2005,18,1
0,0,5411,10,1,2005,18,1
0,0,5412,10,1,2005,18,1
1,0,5413,10,1,2005,18,1
1,0,5511,28,1,2005,18,1
0,0,5521,28,1,2005,18,1
0,0,5631,28,1,2005,18,1
0,0,1112,24,2,2005,19,0
1,0,1121,24,2,2005,19,0
0,0,1132,24,2,2005,19,0
1,0,1231,28,2,2005,19,0
1,0,1311,7,2,2005,19,0
1,0,1312,7,2,2005,19,0
1,0,1411,24,2,2005,19,0
1,0,1521,24,2,2005,19,0
1,0,2112,21,2,2005,19,0
1,0,2121,21,2,2005,19,0
1,0,2122,21,2,2005,19,0
0,0,2123,21,2,2005,19,0
1,0,2211,23,2,2005,19,0
1,0,2231,21,2,2005,19,0
1,0,2232,21,2,2005,19,0
1,0,2251,23,2,2005,19,0
0,0,2331,23,2,2005,19,0
0,0,2441,23,2,2005,19,0
1,0,2491,23,2,2005,19,0
1,0,2492,23,2,2005,19,0
0,0,3121,10,2,2005,19,0
1,0,3141,10,2,2005,19,0
1,0,3211,10,2,2005,19,0
1,0,3221,10,2,2005,19,0
1,0,3222,10,2,2005,19,0
1,0,3252,10,2,2005,19,0
0,0,4121,15,2,2005,19,0
0,0,4131,18,2,2005,19,0
0,0,4132,15,2,2005,19,0
0,0,4211,16,2,2005,19,0
1,0,4221,17,2,2005,19,0
1,0,4411,17,2,2005,19,0
1,0,4412,17,2,2005,19,0
0,0,4521,16,2,2005,19,0
0,0,4522,17,2,2005,19,0
1,0,4523,18,2,2005,19,0
0,0,4531,18,2,2005,19,0
1,0,5111,9,2,2005,19,0
1,0,5131,9,2,2005,19,0
1,0,5211,8,2,2005,19,0
0,0,5321,12,2,2005,19,0
0,0,5351,12,2,2005,19,0
1,0,5421,9,2,2005,19,0
1,0,5422,9,2,2005,19,0
1,0,5531,9,2,2005,19,0
1,0,5612,9,2,2005,19,0
0,0,5621,9,2,2005,19,0
1,0,5641,9,2,2005,19,0
1,0,5721,9,2,2005,19,0
1,0,1221,28,2,2005,19,1
1,0,1421,24,2,2005,19,1
1,0,1511,25,2,2005,19,1
1,0,1512,25,2,2005,19,1
1,0,1531,25,2,2005,19,1
1,0,1541,25,2,2005,19,1
1,0,2221,23,2,2005,19,1
1,0,2241,23,2,2005,19,1
1,0,2341,23,2,2005,19,1
1,0,2351,22,2,2005,19,1
1,0,2352,22,2,2005,19,1
1,0,2353,22,2,2005,19,1
1,0,2411,23,2,2005,19,1
1,0,2451,23,2,2005,19,1
1,0,2452,22,2,2005,19,1
1,0,2454,22,2,2005,19,1
1,0,3131,10,2,2005,19,1
1,0,3231,10,2,2005,19,1
1,0,3232,10,2,2005,19,1
1,0,3241,11,2,2005,19,1
1,0,3242,11,2,2005,19,1
1,0,3311,11,2,2005,19,1
1,0,3321,11,2,2005,19,1
1,0,3322,25,2,2005,19,1
1,0,3411,12,2,2005,19,1
0,0,3412,12,2,2005,19,1
0,0,3511,18,2,2005,19,1
1,0,3511,1,2,2005,19,1
0,0,4111,15,2,2005,19,1
1,0,4112,15,2,2005,19,1
1,0,4231,16,2,2005,19,1
1,0,4241,17,2,2005,19,1
0,0,4251,17,2,2005,19,1
1,0,4252,17,2,2005,19,1
1,0,4253,17,2,2005,19,1
1,0,4311,16,2,2005,19,1
0,0,4312,16,2,2005,19,1
1,0,4511,15,2,2005,19,1
1,0,4512,15,2,2005,19,1
1,0,4513,15,2,2005,19,1
1,0,4514,15,2,2005,19,1
1,0,4541,18,2,2005,19,1
1,0,4551,15,2,2005,19,1
1,0,5121,8,2,2005,19,1
1,0,5122,8,2,2005,19,1
1,0,5311,12,2,2005,19,1
1,0,5331,7,2,2005,19,1
1,0,5341,7,2,2005,19,1
1,0,5411,8,2,2005,19,1
1,0,5412,8,2,2005,19,1
0,0,5413,8,2,2005,19,1
0,0,5511,10,2,2005,19,1
1,0,5521,9,2,2005,19,1
0,0,5631,9,2,2005,19,1
0,0,1112,10,3,2005,20,0
1,0,1121,10,3,2005,20,0
0,0,1132,10,3,2005,20,0
0,0,1231,11,3,2005,20,0
1,0,1311,11,3,2005,20,0
1,0,1312,11,3,2005,20,0
0,0,1411,11,3,2005,20,0
1,0,1521,11,3,2005,20,0
0,0,2112,18,3,2005,20,0
1,0,2121,17,3,2005,20,0
1,0,2122,17,3,2005,20,0
0,0,2123,17,3,2005,20,0
0,0,2211,18,3,2005,20,0
1,0,2231,17,3,2005,20,0
0,0,2232,17,3,2005,20,0
1,0,2251,17,3,2005,20,0
0,0,2331,19,3,2005,20,0
0,0,2441,18,3,2005,20,0
0,0,2491,18,3,2005,20,0
1,0,2492,18,3,2005,20,0
0,0,3121,7,3,2005,20,0
1,0,3141,7,3,2005,20,0
1,0,3211,7,3,2005,20,0
1,0,3221,7,3,2005,20,0
1,0,3222,7,3,2005,20,0
0,0,3252,7,3,2005,20,0
1,0,4121,14,3,2005,20,0
0,0,4131,15,3,2005,20,0
0,0,4132,14,3,2005,20,0
0,0,4211,15,3,2005,20,0
1,0,4221,16,3,2005,20,0
0,0,4411,22,3,2005,20,0
0,0,4412,22,3,2005,20,0
0,0,4521,16,3,2005,20,0
0,0,4522,24,3,2005,20,0
1,0,4523,16,3,2005,20,0
1,0,4531,15,3,2005,20,0
1,0,5111,19,3,2005,20,0
1,0,5131,19,3,2005,20,0
0,0,5211,21,3,2005,20,0
0,0,5321,24,3,2005,20,0
0,0,5351,24,3,2005,20,0
0,0,5371,24,3,2005,20,0
1,0,5371,3,3,2005,20,0
0,0,5421,21,3,2005,20,0
0,0,5422,21,3,2005,20,0
0,0,5531,21,3,2005,20,0
0,0,5612,21,3,2005,20,0
1,0,5621,21,3,2005,20,0
1,0,5641,21,3,2005,20,0
1,0,1221,10,3,2005,20,1
1,0,1421,11,3,2005,20,1
1,0,1511,11,3,2005,20,1
1,0,1512,11,3,2005,20,1
1,0,1531,11,3,2005,20,1
1,0,1541,11,3,2005,20,1
1,0,2221,18,3,2005,20,1
1,0,2241,19,3,2005,20,1
1,0,2341,19,3,2005,20,1
1,0,2351,18,3,2005,20,1
1,0,2352,18,3,2005,20,1
1,0,2353,18,3,2005,20,1
1,0,2411,18,3,2005,20,1
1,0,2451,18,3,2005,20,1
1,0,2452,18,3,2005,20,1
1,0,2454,18,3,2005,20,1
1,0,3131,7,3,2005,20,1
1,0,3231,7,3,2005,20,1
1,0,3232,7,3,2005,20,1
0,0,3241,9,3,2005,20,1
1,0,3242,9,3,2005,20,1
1,0,3321,9,3,2005,20,1
1,0,3322,9,3,2005,20,1
0,0,3411,10,3,2005,20,1
0,0,3412,10,3,2005,20,1
1,0,3511,24,3,2005,20,1
1,0,4111,14,3,2005,20,1
1,0,4112,14,3,2005,20,1
1,0,4231,15,3,2005,20,1
1,0,4241,15,3,2005,20,1
1,0,4251,16,3,2005,20,1
1,0,4252,16,3,2005,20,1
1,0,4253,16,3,2005,20,1
1,0,4311,22,3,2005,20,1
0,0,4312,22,3,2005,20,1
1,0,4511,15,3,2005,20,1
1,0,4512,15,3,2005,20,1
1,0,4513,15,3,2005,20,1
1,0,4514,15,3,2005,20,1
1,0,4541,15,3,2005,20,1
0,0,4551,14,3,2005,20,1
0,0,5121,19,3,2005,20,1
0,0,5122,19,3,2005,20,1
0,0,5311,24,3,2005,20,1
1,0,5331,24,3,2005,20,1
0,0,5341,24,3,2005,20,1
1,0,5411,21,3,2005,20,1
0,0,5412,21,3,2005,20,1
1,0,5413,21,3,2005,20,1
0,0,5511,21,3,2005,20,1
0,0,5521,21,3,2005,20,1
1,0,5631,21,3,2005,20,1
0,0,1112,8,4,2005,21,0
1,6,1121,8,4,2005,21,0
0,0,1132,8,4,2005,21,0
1,50,1231,7,4,2005,21,0
0,0,1311,8,4,2005,21,0
1,8,1312,8,4,2005,21,0
1,9,1411,15,4,2005,21,0
1,30,1521,5,4,2005,21,0
1,22,2112,19,4,2005,21,0
0,0,2121,25,4,2005,21,0
1,10,2122,25,4,2005,21,0
1,14,2123,25,4,2005,21,0
0,0,2211,19,4,2005,21,0
0,0,2231,27,4,2005,21,0
0,0,2232,27,4,2005,21,0
1,23,2251,19,4,2005,21,0
0,0,2331,26,4,2005,21,0
0,0,2441,26,4,2005,21,0
1,44,2491,20,4,2005,21,0
1,22,2492,20,4,2005,21,0
0,0,3121,6,4,2005,21,0
1,15,3141,6,4,2005,21,0
1,0,3211,7,4,2005,21,0
1,17,3221,7,4,2005,21,0
1,9,3222,7,4,2005,21,0
1,27,3252,5,4,2005,21,0
1,13,4121,20,4,2005,21,0
1,15,4121,13,4,2005,21,0
0,0,4131,13,4,2005,21,0
0,0,4211,14,4,2005,21,0
1,11,4221,15,4,2005,21,0
0,0,4411,19,4,2005,21,0
1,19,4412,19,4,2005,21,0
1,7,4521,28,4,2005,21,0
0,0,4522,22,4,2005,21,0
0,0,4523,22,4,2005,21,0
0,0,4531,22,4,2005,21,0
1,45,5111,12,4,2005,21,0
1,16,5131,12,4,2005,21,0
0,0,5211,28,4,2005,21,0
1,14,5321,26,4,2005,21,0
1,14,5351,26,4,2005,21,0
0,0,5371,27,4,2005,21,0
0,0,5421,14,4,2005,21,0
1,14,5422,14,4,2005,21,0
1,17,5531,20,4,2005,21,0
1,12,5612,21,4,2005,21,0
0,0,5621,21,4,2005,21,0
1,12,5641,21,4,2005,21,0
1,8,5721,8,4,2005,21,0
1,14,5721,22,4,2005,21,0
1,16,1221,7,4,2005,21,1
1,0,1421,15,4,2005,21,1
1,13,1511,4,4,2005,21,1
0,0,1512,4,4,2005,21,1
0,0,1541,4,4,2005,21,1
1,38,2221,21,4,2005,21,1
1,24,2241,21,4,2005,21,1
1,25,2341,26,4,2005,21,1
1,14,2351,26,4,2005,21,1
1,10,2352,26,4,2005,21,1
1,20,2353,26,4,2005,21,1
1,20,2411,26,4,2005,21,1
1,12,2451,25,4,2005,21,1
1,19,2452,26,4,2005,21,1
1,6,2454,26,4,2005,21,1
0,0,3131,6,4,2005,21,1
1,14,3231,5,4,2005,21,1
1,24,3232,5,4,2005,21,1
1,0,3311,2,4,2005,21,1
1,20,3311,2,4,2005,21,1
1,16,3311,7,4,2005,21,1
1,32,3321,11,4,2005,21,1
1,23,3322,7,4,2005,21,1
0,0,3411,5,4,2005,21,1
0,0,3412,5,4,2005,21,1
1,20,3511,8,4,2005,21,1
1,6,4111,12,4,2005,21,1
1,13,4112,12,4,2005,21,1
1,20,4231,14,4,2005,21,1
1,16,4241,14,4,2005,21,1
1,13,4251,15,4,2005,21,1
1,10,4252,15,4,2005,21,1
1,16,4253,15,4,2005,21,1
1,10,4311,28,4,2005,21,1
0,0,4312,28,4,2005,21,1
1,18,4511,21,4,2005,21,1
1,20,4512,21,4,2005,21,1
1,18,4513,21,4,2005,21,1
1,15,4514,21,4,2005,21,1
1,9,4541,22,4,2005,21,1
1,13,4551,20,4,2005,21,1
1,12,5121,13,4,2005,21,1
1,8,5122,13,4,2005,21,1
1,9,5311,26,4,2005,21,1
1,18,5331,27,4,2005,21,1
1,40,5341,27,4,2005,21,1
1,9,5411,15,4,2005,21,1
1,10,5412,15,4,2005,21,1
0,0,5413,15,4,2005,21,1
1,17,5511,20,4,2005,21,1
0,0,5521,20,4,2005,21,1
1,10,5631,21,4,2005,21,1
1,17,1112,17,5,2005,22,0
1,8,1121,17,5,2005,22,0
0,0,1132,17,5,2005,22,0
1,21,1231,17,5,2005,22,0
0,0,1311,6,5,2005,22,0
1,10,1312,6,5,2005,22,0
0,0,1411,17,5,2005,22,0
0,0,1521,17,5,2005,22,0
0,0,2112,18,5,2005,22,0
0,0,2121,18,5,2005,22,0
0,0,2122,18,5,2005,22,0
1,12,2123,18,5,2005,22,0
0,0,2211,18,5,2005,22,0
0,0,2231,18,5,2005,22,0
0,0,2232,18,5,2005,22,0
1,9,2251,18,5,2005,22,0
0,0,2331,19,5,2005,22,0
0,0,2441,19,5,2005,22,0
1,38,2491,31,5,2005,22,0
1,15,2492,31,5,2005,22,0
0,0,3121,6,5,2005,22,0
0,0,3141,7,5,2005,22,0
1,9,3211,9,5,2005,22,0
0,0,3221,9,5,2005,22,0
0,0,3222,9,5,2005,22,0
0,0,3252,9,5,2005,22,0
1,3,4121,13,5,2005,22,0
0,0,4131,12,5,2005,22,0
0,0,4132,12,5,2005,22,0
1,16,4211,12,5,2005,22,0
1,10,4221,13,5,2005,22,0
1,8,4411,24,5,2005,22,0
0,0,4412,24,5,2005,22,0
0,0,4521,25,5,2005,22,0
0,0,4522,26,5,2005,22,0
0,0,4523,25,5,2005,22,0
0,0,4531,26,5,2005,22,0
1,29,5111,12,5,2005,22,0
1,25,5131,12,5,2005,22,0
0,0,5211,12,5,2005,22,0
0,0,5321,16,5,2005,22,0
0,0,5351,30,5,2005,22,0
1,11,5371,25,5,2005,22,0
0,0,5421,23,5,2005,22,0
0,0,5422,23,5,2005,22,0
1,9,5531,24,5,2005,22,0
0,0,5612,24,5,2005,22,0
1,10,5621,24,5,2005,22,0
0,0,5641,24,5,2005,22,0
0,0,5721,30,5,2005,22,0
1,15,1221,17,5,2005,22,1
1,11,1421,17,5,2005,22,1
1,13,1511,16,5,2005,22,1
1,21,1512,16,5,2005,22,1
1,8,1531,16,5,2005,22,1
1,20,1541,16,5,2005,22,1
1,37,2221,31,5,2005,22,1
1,10,2241,31,5,2005,22,1
1,15,2341,19,5,2005,22,1
1,17,2351,19,5,2005,22,1
1,20,2352,19,5,2005,22,1
1,11,2353,19,5,2005,22,1
1,0,2411,19,5,2005,22,1
1,12,2451,19,5,2005,22,1
0,0,2452,19,5,2005,22,1
0,0,2454,19,5,2005,22,1
1,9,3131,6,5,2005,22,1
1,21,3231,9,5,2005,22,1
1,20,3232,9,5,2005,22,1
0,0,3241,30,5,2005,22,1
0,0,3241,10,5,2005,22,1
0,0,3242,10,5,2005,22,1
0,0,3242,30,5,2005,22,1
1,17,3311,11,5,2005,22,1
0,0,3321,10,5,2005,22,1
1,20,3322,10,5,2005,22,1
0,0,3411,11,5,2005,22,1
0,0,3412,11,5,2005,22,1
0,0,3511,6,5,2005,22,1
0,0,4111,11,5,2005,22,1
1,15,4112,11,5,2005,22,1
1,18,4231,12,5,2005,22,1
0,0,4241,13,5,2005,22,1
1,21,4251,13,5,2005,22,1
1,21,4252,13,5,2005,22,1
1,13,4253,13,5,2005,22,1
0,0,4311,23,5,2005,22,1
1,11,4312,23,5,2005,22,1
0,0,4511,25,5,2005,22,1
1,18,4512,25,5,2005,22,1
1,16,4513,25,5,2005,22,1
1,12,4514,25,5,2005,22,1
1,15,4541,26,5,2005,22,1
0,0,4551,13,5,2005,22,1
1,16,5121,23,5,2005,22,1
0,0,5122,27,5,2005,22,1
0,0,5311,16,5,2005,22,1
1,5,5331,25,5,2005,22,1
1,24,5341,25,5,2005,22,1
1,24,5341,25,5,2005,22,1
1,16,5411,26,5,2005,22,1
1,18,5412,26,5,2005,22,1
1,13,5413,26,5,2005,22,1
0,0,5511,24,5,2005,22,1
0,0,5521,24,5,2005,22,1
0,0,5631,24,5,2005,22,1
1,12,1112,7,6,2005,23,0
0,0,1121,7,6,2005,23,0
0,0,1132,7,6,2005,23,0
1,38,1231,6,6,2005,23,0
0,0,1311,9,6,2005,23,0
1,12,1312,9,6,2005,23,0
1,10,1411,6,6,2005,23,0
1,15,1521,6,6,2005,23,0
0,0,2112,22,6,2005,23,0
1,17,2121,23,6,2005,23,0
1,15,2122,23,6,2005,23,0
0,0,2123,23,6,2005,23,0
1,12,2211,22,6,2005,23,0
0,0,2231,23,6,2005,23,0
0,0,2232,23,6,2005,23,0
1,17,2251,23,6,2005,23,0
0,0,2441,28,6,2005,23,0
1,35,2491,28,6,2005,23,0
1,11,2492,28,6,2005,23,0
0,0,3141,8,6,2005,23,0
0,0,3211,10,6,2005,23,0
0,0,3221,8,6,2005,23,0
0,0,3222,8,6,2005,23,0
1,8,3252,8,6,2005,23,0
1,6,4121,13,6,2005,23,0
0,0,4131,22,6,2005,23,0
0,0,4132,29,6,2005,23,0
0,0,4211,14,6,2005,23,0
1,7,4221,14,6,2005,23,0
0,0,4411,15,6,2005,23,0
0,0,4412,15,6,2005,23,0
0,0,4521,10,6,2005,23,0
0,0,4522,10,6,2005,23,0
0,0,4523,15,6,2005,23,0
0,0,4531,29,6,2005,23,0
0,0,5111,20,6,2005,23,0
0,0,5131,20,6,2005,23,0
1,12,5211,17,6,2005,23,0
0,0,5321,16,6,2005,23,0
0,0,5351,17,6,2005,23,0
0,0,5371,17,6,2005,23,0
1,7,5421,17,6,2005,23,0
1,11,5422,17,6,2005,23,0
1,11,5531,24,6,2005,23,0
1,5,5612,29,6,2005,23,0
0,0,5621,29,6,2005,23,0
0,0,5641,29,6,2005,23,0
1,10,5721,24,6,2005,23,0
1,12,1221,6,6,2005,23,1
1,9,1421,6,6,2005,23,1
1,13,1511,6,6,2005,23,1
1,14,1512,6,6,2005,23,1
0,0,1531,6,6,2005,23,1
1,15,1541,6,6,2005,23,1
1,22,2221,22,6,2005,23,1
1,14,2241,23,6,2005,23,1
0,0,2351,28,6,2005,23,1
1,11,2352,28,6,2005,23,1
0,0,2353,28,6,2005,23,1
1,16,2411,28,6,2005,23,1
0,0,2451,27,6,2005,23,1
1,9,2452,27,6,2005,23,1
0,0,2454,28,6,2005,23,1
0,0,3131,8,6,2005,23,1
1,17,3231,7,6,2005,23,1
1,36,3232,7,6,2005,23,1
1,28,3311,8,6,2005,23,1
0,0,3321,9,6,2005,23,1
0,0,3322,9,6,2005,23,1
0,0,3411,7,6,2005,23,1
1,11,3412,7,6,2005,23,1
1,0,3511,9,6,2005,23,1
1,7,4111,13,6,2005,23,1
0,0,4112,13,6,2005,23,1
1,0,4231,14,6,2005,23,1
1,14,4241,14,6,2005,23,1
1,12,4251,15,6,2005,23,1
1,18,4252,15,6,2005,23,1
1,16,4253,15,6,2005,23,1
1,6,4311,10,6,2005,23,1
0,0,4312,10,6,2005,23,1
1,14,4511,15,6,2005,23,1
1,19,4512,15,6,2005,23,1
1,11,4513,14,6,2005,23,1
0,0,4514,14,6,2005,23,1
0,0,4541,29,6,2005,23,1
1,12,4551,13,6,2005,23,1
0,0,5121,20,6,2005,23,1
0,0,5122,20,6,2005,23,1
0,0,5311,16,6,2005,23,1
1,11,5331,16,6,2005,23,1
1,25,5341,16,6,2005,23,1
1,10,5411,20,6,2005,23,1
1,16,5412,20,6,2005,23,1
0,0,5413,20,6,2005,23,1
1,23,5511,24,6,2005,23,1
0,0,5521,24,6,2005,23,1
1,6,5631,29,6,2005,23,1
0,0,1112,12,7,2005,24,0
1,6,1121,12,7,2005,24,0
0,0,1132,12,7,2005,24,0
1,50,1231,8,7,2005,24,0
1,9,1311,8,7,2005,24,0
1,10,1312,8,7,2005,24,0
0,0,1411,11,7,2005,24,0
1,15,1521,11,7,2005,24,0
1,13,2112,20,7,2005,24,0
1,10,2121,18,7,2005,24,0
1,20,2122,18,7,2005,24,0
1,20,2123,18,7,2005,24,0
1,21,2211,20,7,2005,24,0
0,0,2231,18,7,2005,24,0
0,0,2232,18,7,2005,24,0
1,15,2251,20,7,2005,24,0
0,0,2331,7,7,2005,24,0
0,0,2331,19,7,2005,24,0
0,0,2441,20,7,2005,24,0
0,0,2491,19,7,2005,24,0
0,0,2492,19,7,2005,24,0
1,12,3141,8,7,2005,24,0
1,6,3211,13,7,2005,24,0
1,19,3221,13,7,2005,24,0
1,6,3222,13,7,2005,24,0
1,6,3252,12,7,2005,24,0
1,20,4121,26,7,2005,24,0
1,13,4131,26,7,2005,24,0
1,15,4132,26,7,2005,24,0
1,15,4132,26,7,2005,24,0
0,0,4221,27,7,2005,24,0
1,15,4411,26,7,2005,24,0
1,23,4412,26,7,2005,24,0
0,0,4521,15,7,2005,24,0
1,0,4522,15,7,2005,24,0
1,23,4523,27,7,2005,24,0
0,0,4531,27,7,2005,24,0
1,83,5111,28,7,2005,24,0
1,20,5131,28,7,2005,24,0
0,0,5211,22,7,2005,24,0
1,16,5321,25,7,2005,24,0
0,0,5351,25,7,2005,24,0
0,0,5371,25,7,2005,24,0
1,18,5531,29,7,2005,24,0
0,0,5612,29,7,2005,24,0
0,0,5621,29,7,2005,24,0
0,0,5641,29,7,2005,24,0
0,0,5721,29,7,2005,24,0
1,18,1221,8,7,2005,24,1
0,0,1421,11,7,2005,24,1
1,14,1511,12,7,2005,24,1
1,18,1512,12,7,2005,24,1
0,0,1531,4,7,2005,24,1
1,12,1531,12,7,2005,24,1
1,12,1541,12,7,2005,24,1
1,34,2221,20,7,2005,24,1
1,11,2241,20,7,2005,24,1
0,0,2341,7,7,2005,24,1
1,31,2341,19,7,2005,24,1
1,25,2351,19,7,2005,24,1
1,15,2352,19,7,2005,24,1
1,27,2353,19,7,2005,24,1
1,17,2411,20,7,2005,24,1
1,15,2451,20,7,2005,24,1
0,0,2452,20,7,2005,24,1
0,0,2454,20,7,2005,24,1
1,11,3131,8,7,2005,24,1
1,20,3231,14,7,2005,24,1
1,41,3232,14,7,2005,24,1
0,0,3241,14,7,2005,24,1
1,25,3242,14,7,2005,24,1
1,40,3311,12,7,2005,24,1
0,0,3321,13,7,2005,24,1
1,20,3322,13,7,2005,24,1
1,20,3411,22,7,2005,24,1
0,0,3412,22,7,2005,24,1
1,18,3511,11,7,2005,24,1
1,13,4111,26,7,2005,24,1
1,17,4112,26,7,2005,24,1
1,20,4251,27,7,2005,24,1
1,14,4252,27,7,2005,24,1
1,16,4253,27,7,2005,24,1
1,15,4311,27,7,2005,24,1
1,10,4312,27,7,2005,24,1
0,0,4511,27,7,2005,24,1
1,22,4512,27,7,2005,24,1
1,12,4513,27,7,2005,24,1
0,0,4514,27,7,2005,24,1
1,18,4541,27,7,2005,24,1
0,0,4551,26,7,2005,24,1
1,0,5121,28,7,2005,24,1
0,0,5311,25,7,2005,24,1
1,11,5331,25,7,2005,24,1
1,44,5341,25,7,2005,24,1
0,0,5411,25,7,2005,24,1
0,0,5412,25,7,2005,24,1
1,12,5413,25,7,2005,24,1
0,0,5511,29,7,2005,24,1
1,6,5631,29,7,2005,24,1
1,8,1112,10,8,2005,25,0
1,10,1121,10,8,2005,25,0
0,0,1132,10,8,2005,25,0
0,0,1311,8,8,2005,25,0
0,0,1312,8,8,2005,25,0
0,0,1411,11,8,2005,25,0
0,0,1521,11,8,2005,25,0
1,21,3221,10,8,2005,25,0
0,0,3222,10,8,2005,25,0
0,0,3252,10,8,2005,25,0
0,0,4121,9,8,2005,25,0
1,4,4131,23,8,2005,25,0
0,0,4132,23,8,2005,25,0
0,0,4211,4,8,2005,25,0
1,10,4221,11,8,2005,25,0
0,0,4411,24,8,2005,25,0
1,19,4412,24,8,2005,25,0
0,0,4521,18,8,2005,25,0
0,0,4522,18,8,2005,25,0
0,0,4523,10,8,2005,25,0
1,63,5111,23,8,2005,25,0
1,23,5131,23,8,2005,25,0
1,15,5211,22,8,2005,25,0
1,7,5421,3,8,2005,25,0
1,11,5422,3,8,2005,25,0
0,0,5531,23,8,2005,25,0
0,0,5612,24,8,2005,25,0
0,0,5621,24,8,2005,25,0
0,0,5641,24,8,2005,25,0
0,0,1421,11,8,2005,25,1
1,0,1511,12,8,2005,25,1
1,22,1512,12,8,2005,25,1
1,7,1531,12,8,2005,25,1
1,18,1541,12,8,2005,25,1
0,0,3131,9,8,2005,25,1
1,30,3231,11,8,2005,25,1
1,34,3232,11,8,2005,25,1
1,14,3241,12,8,2005,25,1
1,37,3242,12,8,2005,25,1
1,39,3311,17,8,2005,25,1
0,0,3321,17,8,2005,25,1
1,19,3411,17,8,2005,25,1
1,11,3412,17,8,2005,25,1
0,0,4111,12,8,2005,25,1
1,20,4112,12,8,2005,25,1
1,26,4231,4,8,2005,25,1
1,19,4241,4,8,2005,25,1
1,23,4251,1,8,2005,25,1
1,17,4252,11,8,2005,25,1
1,30,4253,11,8,2005,25,1
1,15,4311,22,8,2005,25,1
0,0,4312,22,8,2005,25,1
1,20,4511,8,8,2005,25,1
1,20,4512,8,8,2005,25,1
1,12,4513,8,8,2005,25,1
1,20,4514,8,8,2005,25,1
1,20,4541,10,8,2005,25,1
1,10,4551,9,8,2005,25,1
1,17,5121,22,8,2005,25,1
0,0,5122,3,8,2005,25,1
1,17,5122,22,8,2005,25,1
0,0,5411,24,8,2005,25,1
0,0,5412,24,8,2005,25,1
0,0,5413,24,8,2005,25,1
1,0,5511,23,8,2005,25,1
0,0,5631,24,8,2005,25,1
0,0,1112,7,9,2005,26,0
1,23,1121,7,9,2005,26,0
0,0,1132,7,9,2005,26,0
1,57,1231,6,9,2005,26,0
1,49,1231,26,8,2005,26,0
0,0,1311,6,9,2005,26,0
1,23,1312,6,9,2005,26,0
0,0,1411,7,9,2005,26,0
1,16,1521,7,9,2005,26,0
1,27,2112,27,9,2005,26,0
0,0,2112,2,9,2005,26,0
1,17,2121,27,9,2005,26,0
1,20,2121,25,8,2005,26,0
0,0,2122,25,8,2005,26,0
0,0,2122,27,9,2005,26,0
0,0,2122,27,9,2005,26,0
1,24,2123,25,8,2005,26,0
1,16,2123,27,9,2005,26,0
1,15,2211,27,9,2005,26,0
1,14,2211,3,9,2005,26,0
1,22,2251,3,9,2005,26,0
1,33,2251,27,9,2005,26,0
0,0,2331,26,8,2005,26,0
0,0,2331,29,9,2005,26,0
0,0,2441,29,9,2005,26,0
0,0,2441,26,8,2005,26,0
1,35,2491,28,9,2005,26,0
1,17,2492,28,9,2005,26,0
0,0,3141,31,8,2005,26,0
1,14,3141,6,9,2005,26,0
1,4,3211,23,9,2005,26,0
0,0,3211,31,8,2005,26,0
1,14,3221,23,9,2005,26,0
0,0,3222,23,9,2005,26,0
0,0,3252,23,9,2005,26,0
1,15,4121,9,9,2005,26,0
0,0,4131,8,9,2005,26,0
0,0,4132,8,9,2005,26,0
1,23,4211,10,9,2005,26,0
1,26,4211,25,8,2005,26,0
0,0,4221,9,9,2005,26,0
1,15,4411,9,9,2005,26,0
0,0,4412,9,9,2005,26,0
0,0,4523,10,9,2005,26,0
0,0,4531,3,9,2005,26,0
1,0,4531,10,9,2005,26,0
1,80,5111,30,9,2005,26,0
0,0,5131,30,9,2005,26,0
0,0,5211,13,9,2005,26,0
1,11,5321,30,8,2005,26,0
1,15,5321,12,9,2005,26,0
1,24,5351,30,8,2005,26,0
0,0,5351,12,9,2005,26,0
0,0,5371,30,8,2005,26,0
1,15,5371,13,9,2005,26,0
1,16,5421,30,8,2005,26,0
1,13,5422,30,8,2005,26,0
1,20,5531,30,9,2005,26,0
0,0,5612,13,9,2005,26,0
0,0,5621,13,9,2005,26,0
1,20,5641,12,9,2005,26,0
1,12,5721,30,8,2005,26,0
1,19,1221,6,9,2005,26,1
0,0,1221,26,8,2005,26,1
0,0,1421,7,9,2005,26,1
1,16,1511,7,9,2005,26,1
1,21,1512,7,9,2005,26,1
0,0,1531,7,9,2005,26,1
0,0,1541,7,9,2005,26,1
1,43,2221,3,9,2005,26,1
1,41,2221,27,9,2005,26,1
0,0,2241,27,9,2005,26,1
1,15,2241,3,9,2005,26,1
1,41,2341,26,8,2005,26,1
1,3,2341,29,9,2005,26,1
1,25,2351,28,9,2005,26,1
1,23,2351,26,8,2005,26,1
1,0,2352,26,8,2005,26,1
1,17,2352,28,9,2005,26,1
1,17,2353,28,9,2005,26,1
1,20,2353,26,8,2005,26,1
1,15,2451,25,8,2005,26,1
1,16,2451,28,9,2005,26,1
1,7,2452,25,8,2005,26,1
0,0,2452,28,9,2005,26,1
0,0,2454,25,8,2005,26,1
0,0,2454,28,9,2005,26,1
1,11,3131,6,9,2005,26,1
1,26,3231,29,9,2005,26,1
1,0,3232,29,9,2005,26,1
1,9,3241,23,9,2005,26,1
1,38,3242,26,9,2005,26,1
0,0,3311,24,9,2005,26,1
0,0,3322,29,9,2005,26,1
0,0,3322,31,8,2005,26,1
0,0,3411,23,9,2005,26,1
0,0,3412,23,9,2005,26,1
0,0,3511,31,8,2005,26,1
1,13,4111,9,9,2005,26,1
1,18,4112,9,9,2005,26,1
1,17,4231,10,9,2005,26,1
1,23,4231,25,8,2005,26,1
1,13,4241,10,9,2005,26,1
1,15,4241,25,8,2005,26,1
1,15,4251,9,9,2005,26,1
1,10,4252,9,9,2005,26,1
1,23,4253,9,9,2005,26,1
1,11,4311,8,9,2005,26,1
0,0,4312,8,9,2005,26,1
1,18,4511,10,9,2005,26,1
1,15,4512,10,9,2005,26,1
1,13,4513,10,9,2005,26,1
1,19,4514,10,9,2005,26,1
0,0,4551,8,9,2005,26,1
1,12,5121,30,9,2005,26,1
0,0,5122,30,9,2005,26,1
0,0,5311,30,8,2005,26,1
0,0,5311,12,9,2005,26,1
1,15,5331,13,9,2005,26,1
1,15,5331,30,8,2005,26,1
1,44,5341,30,8,2005,26,1
1,40,5341,13,9,2005,26,1
0,0,5411,13,9,2005,26,1
1,12,5412,13,9,2005,26,1
0,0,5413,13,9,2005,26,1
0,0,5511,30,9,2005,26,1
1,4,5631,30,9,2005,26,1
0,0,1112,13,10,2005,27,0
1,26,1121,13,10,2005,27,0
0,0,1231,7,10,2005,27,0
0,0,1311,13,10,2005,27,0
0,0,1312,13,10,2005,27,0
0,0,1411,15,10,2005,27,0
1,22,1521,15,10,2005,27,0
0,0,2112,19,10,2005,27,0
0,0,2121,18,10,2005,27,0
1,12,2122,18,10,2005,27,0
1,19,2123,18,10,2005,27,0
1,20,2211,18,10,2005,27,0
1,17,2251,19,10,2005,27,0
1,49,2491,21,10,2005,27,0
1,17,2492,21,10,2005,27,0
1,18,3141,7,10,2005,27,0
1,14,3211,14,10,2005,27,0
0,0,3221,14,10,2005,27,0
1,15,3222,14,10,2005,27,0
1,10,3252,14,10,2005,27,0
0,0,4121,27,10,2005,27,0
1,13,4131,18,10,2005,27,0
0,0,4132,18,10,2005,27,0
1,14,4211,26,10,2005,27,0
0,0,4221,25,10,2005,27,0
0,0,4411,27,10,2005,27,0
1,17,4412,27,10,2005,27,0
1,7,4521,24,10,2005,27,0
1,6,4521,6,10,2005,27,0
0,0,4522,6,10,2005,27,0
0,0,4522,24,10,2005,27,0
1,17,4523,19,10,2005,27,0
0,0,4531,26,10,2005,27,0
1,66,5111,20,10,2005,27,0
1,18,5131,20,10,2005,27,0
1,24,5211,24,10,2005,27,0
1,11,5321,20,10,2005,27,0
1,13,5351,20,10,2005,27,0
0,0,5371,21,10,2005,27,0
0,0,5421,21,10,2005,27,0
1,6,5422,21,10,2005,27,0
1,18,5531,22,10,2005,27,0
0,0,5612,22,10,2005,27,0
0,0,5621,22,10,2005,27,0
1,16,5641,22,10,2005,27,0
1,6,5721,25,10,2005,27,0
0,0,5721,4,10,2005,27,0
1,17,1221,7,10,2005,27,1
1,15,1511,13,10,2005,27,1
1,17,1512,13,10,2005,27,1
1,11,1531,13,10,2005,27,1
0,0,1541,13,10,2005,27,1
1,42,2221,18,10,2005,27,1
1,18,2241,19,10,2005,27,1
1,41,2341,20,10,2005,27,1
0,0,2351,20,10,2005,27,1
1,20,2352,20,10,2005,27,1
1,25,2353,20,10,2005,27,1
0,0,2411,21,10,2005,27,1
1,15,2451,22,10,2005,27,1
1,12,2452,22,10,2005,27,1
0,0,3131,7,10,2005,27,1
1,27,3231,14,10,2005,27,1
1,32,3232,14,10,2005,27,1
0,0,3241,15,10,2005,27,1
1,17,3242,15,10,2005,27,1
0,0,3311,14,10,2005,27,1
0,0,3322,15,10,2005,27,1
0,0,3322,15,10,2005,27,1
1,16,3411,14,10,2005,27,1
1,8,3412,14,10,2005,27,1
1,8,4111,27,10,2005,27,1
1,13,4112,27,10,2005,27,1
1,20,4231,26,10,2005,27,1
0,0,4241,26,10,2005,27,1
1,18,4251,25,10,2005,27,1
1,12,4252,25,10,2005,27,1
1,16,4253,25,10,2005,27,1
1,15,4311,25,10,2005,27,1
0,0,4312,25,10,2005,27,1
1,8,4511,19,10,2005,27,1
1,20,4512,19,10,2005,27,1
1,15,4513,19,10,2005,27,1
1,12,4514,19,10,2005,27,1
1,15,4541,27,10,2005,27,1
1,10,4541,6,10,2005,27,1
1,1,4551,26,10,2005,27,1
0,0,5121,18,10,2005,27,1
0,0,5122,18,10,2005,27,1
0,0,5311,20,10,2005,27,1
0,0,5331,21,10,2005,27,1
1,26,5341,21,10,2005,27,1
1,11,5412,21,10,2005,27,1
1,12,5413,21,10,2005,27,1
1,16,5511,22,10,2005,27,1
1,13,5631,22,10,2005,27,1
0,0,1112,21,11,2005,28,0
1,9,1121,21,11,2005,28,0
1,30,1231,8,11,2005,28,0
0,0,1311,21,11,2005,28,0
1,15,1312,21,11,2005,28,0
0,0,1411,8,11,2005,28,0
1,23,1521,8,11,2005,28,0
1,17,2112,16,11,2005,28,0
1,15,2121,19,11,2005,28,0
0,0,2122,19,11,2005,28,0
0,0,2123,19,11,2005,28,0
0,0,2211,16,11,2005,28,0
0,0,2251,16,11,2005,28,0
0,0,2491,18,11,2005,28,0
0,0,2492,18,11,2005,28,0
1,11,3141,11,11,2005,28,0
1,8,3211,10,11,2005,28,0
0,0,3221,10,11,2005,28,0
0,0,3222,10,11,2005,28,0
1,15,3252,10,11,2005,28,0
1,15,4121,18,11,2005,28,0
0,0,4131,15,11,2005,28,0
0,0,4132,15,11,2005,28,0
0,0,4211,26,11,2005,28,0
1,12,4221,22,11,2005,28,0
1,15,4411,23,11,2005,28,0
0,0,4412,23,11,2005,28,0
0,0,4522,23,11,2005,28,0
0,0,4523,17,11,2005,28,0
1,5,4531,19,11,2005,28,0
1,76,5111,15,11,2005,28,0
1,22,5131,15,11,2005,28,0
0,0,5211,14,11,2005,28,0
1,12,5321,14,11,2005,28,0
1,15,5351,14,11,2005,28,0
0,0,5371,16,11,2005,28,0
1,8,5421,18,11,2005,28,0
0,0,5422,18,11,2005,28,0
0,0,5531,19,11,2005,28,0
0,0,5612,30,11,2005,28,0
0,0,5621,29,11,2005,28,0
1,17,5641,29,11,2005,28,0
1,23,5721,29,11,2005,28,0
1,20,1221,8,11,2005,28,1
1,31,2221,16,11,2005,28,1
1,12,2241,16,11,2005,28,1
1,20,2341,18,11,2005,28,1
1,19,2351,17,11,2005,28,1
0,0,2352,17,11,2005,28,1
1,18,2353,17,11,2005,28,1
1,16,2411,18,11,2005,28,1
1,12,2451,17,11,2005,28,1
1,16,2452,18,11,2005,28,1
1,9,3131,11,11,2005,28,1
1,15,3231,10,11,2005,28,1
0,0,3232,10,11,2005,28,1
1,6,3241,10,11,2005,28,1
1,18,3242,10,11,2005,28,1
1,30,3311,11,11,2005,28,1
1,11,3322,11,11,2005,28,1
1,17,3411,11,11,2005,28,1
1,8,3412,11,11,2005,28,1
0,0,4111,16,11,2005,28,1
0,0,4112,16,11,2005,28,1
1,28,4231,22,11,2005,28,1
0,0,4241,26,11,2005,28,1
1,12,4311,19,11,2005,28,1
0,0,4312,19,11,2005,28,1
1,11,4511,17,11,2005,28,1
1,20,4512,17,11,2005,28,1
1,10,4513,17,11,2005,28,1
1,14,4514,17,11,2005,28,1
1,14,4541,19,11,2005,28,1
0,0,4551,18,11,2005,28,1
1,12,5121,17,11,2005,28,1
1,17,5122,17,11,2005,28,1
0,0,5311,14,11,2005,28,1
0,0,5331,16,11,2005,28,1
1,15,5341,16,11,2005,28,1
1,18,5412,18,11,2005,28,1
0,0,5413,18,11,2005,28,1
1,10,5511,19,11,2005,28,1
1,9,5631,30,11,2005,28,1
0,0,1112,22,12,2005,29,0
1,3,1121,22,12,2005,29,0
0,0,1231,5,12,2005,29,0
0,0,1311,5,12,2005,29,0
1,15,1312,5,12,2005,29,0
0,0,1411,6,12,2005,29,0
1,24,1521,6,12,2005,29,0
1,8,2112,30,12,2005,29,0
0,0,2121,30,12,2005,29,0
1,13,2122,30,12,2005,29,0
1,20,2123,30,12,2005,29,0
1,12,2211,30,12,2005,29,0
0,0,2251,30,12,2005,29,0
1,43,2491,29,12,2005,29,0
1,26,2492,29,12,2005,29,0
1,28,3141,7,12,2005,29,0
1,7,3211,8,12,2005,29,0
1,17,3221,7,12,2005,29,0
0,0,3222,7,12,2005,29,0
0,0,3252,9,12,2005,29,0
1,13,4121,12,12,2005,29,0
1,12,4131,16,12,2005,29,0
1,11,4132,12,12,2005,29,0
0,0,4211,14,12,2005,29,0
0,0,4221,16,12,2005,29,0
0,0,4411,13,12,2005,29,0
0,0,4412,13,12,2005,29,0
1,8,4521,24,12,2005,29,0
1,6,4521,1,12,2005,29,0
0,0,4522,24,12,2005,29,0
1,12,4523,15,12,2005,29,0
0,0,4531,15,12,2005,29,0
1,75,5111,21,12,2005,29,0
0,0,5131,21,12,2005,29,0
1,9,5321,19,12,2005,29,0
0,0,5351,19,12,2005,29,0
0,0,5371,19,12,2005,29,0
0,0,5421,23,12,2005,29,0
0,0,5422,23,12,2005,29,0
1,13,5531,22,12,2005,29,0
1,30,5612,20,12,2005,29,0
1,14,5641,20,12,2005,29,0
1,18,5721,23,12,2005,29,0
1,19,1221,5,12,2005,29,1
1,14,1511,16,12,2005,29,1
0,0,1511,6,12,2005,29,1
1,18,1512,16,12,2005,29,1
0,0,1512,6,12,2005,29,1
0,0,1531,16,12,2005,29,1
1,6,1531,6,12,2005,29,1
1,15,1541,6,12,2005,29,1
0,0,1541,16,12,2005,29,1
1,24,2221,30,12,2005,29,1
1,18,2241,30,12,2005,29,1
1,26,2341,29,12,2005,29,1
1,20,2351,29,12,2005,29,1
1,16,2352,30,12,2005,29,1
0,0,2353,30,12,2005,29,1
1,13,2411,29,12,2005,29,1
1,15,2451,29,12,2005,29,1
1,21,2452,29,12,2005,29,1
0,0,3131,7,12,2005,29,1
1,39,3231,8,12,2005,29,1
1,30,3232,8,12,2005,29,1
0,0,3241,8,12,2005,29,1
1,21,3242,8,12,2005,29,1
1,40,3311,9,12,2005,29,1
1,28,3322,9,12,2005,29,1
1,25,3411,9,12,2005,29,1
0,0,3412,9,12,2005,29,1
1,25,4111,13,12,2005,29,1
1,7,4112,13,12,2005,29,1
1,24,4231,14,12,2005,29,1
1,9,4241,14,12,2005,29,1
1,15,4251,16,12,2005,29,1
1,16,4251,1,12,2005,29,1
1,13,4252,1,12,2005,29,1
1,18,4252,16,12,2005,29,1
1,20,4253,16,12,2005,29,1
1,19,4253,1,12,2005,29,1
1,14,4311,15,12,2005,29,1
0,0,4312,15,12,2005,29,1
1,9,4511,14,12,2005,29,1
1,28,4512,14,12,2005,29,1
1,10,4513,14,12,2005,29,1
1,17,4514,14,12,2005,29,1
1,17,4541,15,12,2005,29,1
0,0,4551,12,12,2005,29,1
1,17,5121,19,12,2005,29,1
1,16,5122,19,12,2005,29,1
0,0,5311,19,12,2005,29,1
1,16,5331,20,12,2005,29,1
1,37,5341,20,12,2005,29,1
1,14,5412,22,12,2005,29,1
0,0,5413,21,12,2005,29,1
1,33,5511,22,12,2005,29,1
1,10,5631,20,12,2005,29,1
0,0,1112,5,1,2006,30,0
0,0,1121,5,1,2006,30,0
1,42,1231,4,1,2006,30,0
1,9,1311,3,1,2006,30,0
1,24,1312,3,1,2006,30,0
0,0,1411,4,1,2006,30,0
1,23,1521,4,1,2006,30,0
0,0,2112,23,1,2006,30,0
0,0,2121,24,1,2006,30,0
1,10,2122,24,1,2006,30,0
1,16,2123,24,1,2006,30,0
1,17,2211,23,1,2006,30,0
1,16,2251,23,1,2006,30,0
1,50,2491,25,1,2006,30,0
1,29,2492,25,1,2006,30,0
1,23,3141,5,1,2006,30,0
1,8,3211,6,1,2006,30,0
0,0,3221,6,1,2006,30,0
0,0,3222,6,1,2006,30,0
0,0,3252,6,1,2006,30,0
0,0,4121,13,1,2006,30,0
1,9,4131,12,1,2006,30,0
0,0,4132,12,1,2006,30,0
0,0,4211,13,1,2006,30,0
1,12,4221,17,1,2006,30,0
0,0,4411,13,1,2006,30,0
1,17,4412,13,1,2006,30,0
1,8,4521,16,1,2006,30,0
0,0,4522,17,1,2006,30,0
1,15,4523,16,1,2006,30,0
0,0,4531,17,1,2006,30,0
1,75,5111,27,1,2006,30,0
1,3,5131,27,1,2006,30,0
0,0,5211,18,1,2006,30,0
0,0,5211,2,1,2006,30,0
1,14,5321,20,1,2006,30,0
1,16,5351,20,1,2006,30,0
0,0,5371,19,1,2006,30,0
0,0,5421,19,1,2006,30,0
1,13,5422,19,1,2006,30,0
1,13,5531,31,1,2006,30,0
0,0,5612,31,1,2006,30,0
0,0,5621,31,1,2006,30,0
0,0,5621,2,1,2006,30,0
0,0,5641,27,1,2006,30,0
1,18,5721,19,1,2006,30,0
1,21,1221,4,1,2006,30,1
1,16,1511,4,1,2006,30,1
1,17,1512,4,1,2006,30,1
1,10,1531,5,1,2006,30,1
0,0,1541,5,1,2006,30,1
1,35,2221,23,1,2006,30,1
1,19,2241,25,1,2006,30,1
1,38,2341,25,1,2006,30,1
1,25,2351,24,1,2006,30,1
1,14,2352,24,1,2006,30,1
1,22,2353,24,1,2006,30,1
0,0,2411,25,1,2006,30,1
0,0,2451,24,1,2006,30,1
1,15,2452,24,1,2006,30,1
0,0,3131,5,1,2006,30,1
1,32,3231,6,1,2006,30,1
0,0,3232,6,1,2006,30,1
0,0,3241,9,1,2006,30,1
0,0,3242,9,1,2006,30,1
1,2,3311,10,1,2006,30,1
1,24,3322,10,1,2006,30,1
1,27,3411,9,1,2006,30,1
1,21,3412,9,1,2006,30,1
0,0,4111,13,1,2006,30,1
1,14,4112,13,1,2006,30,1
1,20,4231,13,1,2006,30,1
0,0,4241,13,1,2006,30,1
1,16,4251,17,1,2006,30,1
1,13,4252,17,1,2006,30,1
1,19,4253,17,1,2006,30,1
1,12,4311,12,1,2006,30,1
0,0,4312,12,1,2006,30,1
1,15,4511,16,1,2006,30,1
1,23,4512,16,1,2006,30,1
1,13,4513,16,1,2006,30,1
1,13,4514,16,1,2006,30,1
0,0,4541,17,1,2006,30,1
0,0,4551,12,1,2006,30,1
1,16,5121,27,1,2006,30,1
1,14,5122,27,1,2006,30,1
0,0,5311,20,1,2006,30,1
1,12,5331,19,1,2006,30,1
0,0,5341,20,1,2006,30,1
0,0,5412,20,1,2006,30,1
1,15,5413,20,1,2006,30,1
1,19,5511,31,1,2006,30,1
1,10,5631,27,1,2006,30,1
0,0,1112,7,2,2006,31,0
0,0,1121,7,2,2006,31,0
0,0,1231,4,2,2006,31,0
0,0,1311,2,2,2006,31,0
1,25,1312,2,2,2006,31,0
1,16,1411,6,2,2006,31,0
1,11,1521,6,2,2006,31,0
0,0,2112,13,2,2006,31,0
1,15,2121,9,2,2006,31,0
0,0,2122,9,2,2006,31,0
1,19,2123,9,2,2006,31,0
0,0,2211,10,2,2006,31,0
0,0,2251,16,2,2006,31,0
0,0,3141,2,2,2006,31,0
1,15,3211,2,2,2006,31,0
0,0,3221,3,2,2006,31,0
0,0,3222,3,2,2006,31,0
0,0,3252,2,2,2006,31,0
1,10,4131,10,2,2006,31,0
0,0,4132,10,2,2006,31,0
1,13,4221,17,2,2006,31,0
0,0,4411,14,2,2006,31,0
0,0,4412,14,2,2006,31,0
1,75,5111,9,2,2006,31,0
0,0,5131,9,2,2006,31,0
1,24,5211,15,2,2006,31,0
0,0,5321,16,2,2006,31,0
1,23,5351,16,2,2006,31,0
1,11,5421,13,2,2006,31,0
0,0,5422,13,2,2006,31,0
1,17,5531,22,2,2006,31,0
1,24,5612,24,2,2006,31,0
0,0,5621,23,2,2006,31,0
1,15,5641,23,2,2006,31,0
1,21,5721,21,2,2006,31,0
1,18,1221,4,2,2006,31,1
1,8,1511,6,2,2006,31,1
1,10,1512,6,2,2006,31,1
0,0,1531,6,2,2006,31,1
1,15,1541,6,2,2006,31,1
1,18,2221,13,2,2006,31,1
1,11,2241,17,2,2006,31,1
1,29,2351,17,2,2006,31,1
1,12,2352,17,2,2006,31,1
1,18,2353,17,2,2006,31,1
1,17,2451,14,2,2006,31,1
0,0,2452,14,2,2006,31,1
0,0,3131,2,2,2006,31,1
0,0,3241,8,2,2006,31,1
1,26,3242,8,2,2006,31,1
1,36,3311,7,2,2006,31,1
1,21,3322,7,2,2006,31,1
1,24,3411,8,2,2006,31,1
1,23,3412,8,2,2006,31,1
1,24,4111,9,2,2006,31,1
1,15,4112,9,2,2006,31,1
1,19,4231,17,2,2006,31,1
1,13,4251,17,2,2006,31,1
1,12,4252,17,2,2006,31,1
1,18,4253,17,2,2006,31,1
1,11,4311,13,2,2006,31,1
0,0,4312,13,2,2006,31,1
0,0,5121,10,2,2006,31,1
1,15,5122,10,2,2006,31,1
0,0,5311,16,2,2006,31,1
1,21,5511,21,2,2006,31,1
1,14,5631,23,2,2006,31,1
